Set,Sequence,Spacing,Fluorescence.Average,Fluorescence.Stdev,Fluorescence.NumMeasurements,method,dG,spacing.factor,Fluorescence.Log.Average,spacing.deviation.dG,spacing.penalty.dG,total.dG,Log.Predicted.Translation.Initiation.Rate,Log10.Predicted.Translation.Initiation.Rate,Log.Measured.Translation.Initiation.Rate,Log10.Measured.Translation.Initiation.Rate,Log2.Translation.Initiation.Rate.Ratio,Abs.Log2.Translation.Initiation.Rate.Ratio,Predicted.Translation.Initiation.Rate
1,TTCTAGAAAAAAAATAAGGAGGTATGGCGAGCTCTGAAGACGTTATCAAAGAGTTCATGCGTTTCAAAGTTCGTATGGAA,0,101.28,54.34,5,OSTIR.No.Spacing.dG,-8.075,0,4.617888958395866,14.259021031694596,16.82238733544962,8.74738733544962,3.9368352248036307,1.7097458142945645,4.617888958395866,2.00552369267328,0.9825528440324318,0.9825528440324318,51.256130214337354
1,TTCTAGAAAAAAAATAAGGAGGTAATGGCGAGCTCTGAAGACGTTATCAAAGAGTTCATGCGTTTCAAAGTTCGTATGGA,1,133.59,118.37,5,OSTIR.No.Spacing.dG,-8.075,1,4.8947754080017205,13.583345284394998,16.802135311751503,8.727135311751503,3.9451343401137717,1.7133500742784376,4.8947754080017205,2.125773949850885,1.370042459266443,1.370042459266443,51.683280783577516
1,TTCTAGAAAAAAAATAAGGAGGTAAATGGCGAGCTCTGAAGACGTTATCAAAGAGTTCATGCGTTTCAAAGTTCGTATGG,2,247.7,119.81,5,OSTIR.No.Spacing.dG,-8.075,2,5.512218336495314,12.07662217563099,16.158564669502535,8.083564669502536,4.208864377657746,1.8278865742959232,5.512218336495314,2.3939260065858368,1.8803422929379576,1.8803422929379576,67.28009163495504
1,TTCTAGAAAAAAAATAAGGAGGTAAAATGGCGAGCTCTGAAGACGTTATCAAAGAGTTCATGCGTTTCAAAGTTCGTATG,3,24972.09,4944.5,5,OSTIR.No.Spacing.dG,-8.075,3,10.12551408021166,0.8189674453733069,5.617424610012825,-2.4575753899871744,8.528538211645426,3.7038970840186356,10.12551408021166,4.397454891469604,2.3039491659998514,2.3039491659998514,5057.048095158149
1,TTCTAGAAAAAAAATAAGGAGGTAAAAATGGCGAGCTCTGAAGACGTTATCAAAGAGTTCATGCGTTTCAAAGTTCGTAT,4,53933.01,15012.58,5,OSTIR.No.Spacing.dG,-8.075,4,10.895497999864824,-1.059995794109561,0.004598930821107763,-8.070401069178892,10.828628722188583,4.702813700625562,10.895497999864824,4.73185465892921,0.09647197529134086,0.09647197529134086,50444.48593508351
1,TTCTAGAAAAAAAATAAGGAGGTAAAAAATGGCGAGCTCTGAAGACGTTATCAAAGAGTTCATGCGTTTCAAAGTTCGTA,5,46451.1,8331.8,5,OSTIR.No.Spacing.dG,-8.075,5,10.746155425339412,-0.6955606410359998,0,-8.075,10.830513326796826,4.703632174007492,10.746155425339412,4.666996002899598,-0.12170272609241145,0.12170272609241145,50539.643484750995
1,TTCTAGAAAAAAAATAAGGAGGTAAAAAAATGGCGAGCTCTGAAGACGTTATCAAAGAGTTCATGCGTTTCAAAGTTCGT,6,42631.1,7131.28,5,OSTIR.No.Spacing.dG,-8.075,6,10.660339312851171,-0.4861467602976042,0.34686492703419114,-7.7281350729658085,10.688370888618259,4.641900497462266,10.660339312851171,4.629726538787566,-0.040441015347480666,0.040441015347480666,43843.023617384206
1,TTCTAGAAAAAAAATAAGGAGGTAAAAAAAATGGCGAGCTCTGAAGACGTTATCAAAGAGTTCATGCGTTTCAAAGTTCG,7,35854.42,8226.27,5,OSTIR.No.Spacing.dG,-8.075,7,10.487222129920324,-0.06369531092654057,0.8205910954516508,-7.254408904548349,10.494241741046036,4.5575912798950675,10.487222129920324,4.554542701518064,-0.010127158160032944,0.010127158160032944,36106.98951832689
1,TTCTAGAAAAAAAATAAGGAGGTAAAAAAAAATGGCGAGCTCTGAAGACGTTATCAAAGAGTTCATGCGTTTCAAAGTTC,8,26956.07,5435.81,5,OSTIR.No.Spacing.dG,-8.075,8,10.20196378288719,0.6324100675758304,1.4211785052523789,-6.65382149474762,10.248125884080158,4.450704521305896,10.20196378288719,4.430656575484731,-0.06659783446810885,0.06659783446810885,28229.586795789033
1,TTCTAGAAAAAAAATAAGGAGGTAAAAAAAAAATGGCGAGCTCTGAAGACGTTATCAAAGAGTTCATGCGTTTCAAAGTT,9,19885.6,4483.69,5,OSTIR.No.Spacing.dG,-8.075,9,9.897751130684192,1.3747689349304872,2.1486271564363757,-5.926372843563623,9.950023317720628,4.3212402216947545,9.897751130684192,4.298538699307816,-0.07541282501388721,0.07541282501388721,20952.71094554277
1,TTCTAGAAAAAAAATAAGGAGGTAAAAAAAAAAATGGCGAGCTCTGAAGACGTTATCAAAGAGTTCATGCGTTTCAAAGT,10,14258.87,3345.26,5,OSTIR.No.Spacing.dG,-8.075,10,9.565134448191678,2.1864411053359367,3.002937049003641,-5.072062950996358,9.599934041967442,4.16919838106164,9.565134448191678,4.1540851095123505,-0.05020520136524536,0.05020520136524536,14763.807741750166
1,TTCTAGAAAAAAAATAAGGAGGTAAAAAAAAAAAAATGGCGAGCTCTGAAGACGTTATCAAAGAGTTCATGCGTTTCAAA,12,5576.24,775.6,5,OSTIR.No.Spacing.dG,-8.075,12,8.626269993120983,4.477517260185479,5.092140558287977,-2.982859441712022,8.743795362280109,3.7973820767294955,8.626269993120983,3.7463414574200447,-0.16955326726451458,0.16955326726451458,6271.653796722407
1,TTCTAGAAAAAAAATAAGGAGGTAAAAAAAAAAAAAAAATGGCGAGCTCTGAAGACGTTATCAAAGAGTTCATGCGTTTC,15,1223.54,370.41,5,OSTIR.No.Spacing.dG,-9.075,15,7.109503575441903,9.178826169318096,9.177405132588994,0.10240513258899497,7.479478924274027,3.24829642432388,7.109503575441903,3.0876181718858575,-0.53376160101127,0.53376160101127,1771.317544840804
2,TTCTAGAGAAAGACAGGACCCACTAGTATGGCGAGCTCTGAAGACGTTATCAAAGAGTTCATGCGTTTCAAAGTTCGTATGGA,6,479.22,116.92,6,OSTIR.No.Spacing.dG,2.525,6,6.172159782157353,-0.13380849046487686,0.34686492703419114,2.871864927034191,6.344576727658593,2.755414662833917,6.172159782157353,2.680534934816115,-0.24874507223986175,0.24874507223986175,569.3963289844988
2,TTCTAGAGAAAGAAGGGACAGACTAGTATGGCGAGCTCTGAAGACGTTATCAAAGAGTTCATGCGTTTCAAAGTTCGTATGGA,6,869.34,228.1,6,OSTIR.No.Spacing.dG,1.325,6,6.767734303060686,-0.3871669341763515,0.34686492703419114,1.671864927034191,6.836327010031386,2.968979096942787,6.767734303060686,2.9391896628066054,-0.09895835818777932,0.09895835818777932,931.0630613299057
2,TTCTAGAGAAAGAAGAGACTCACTAGTATGGCGAGCTCTGAAGACGTTATCAAAGAGTTCATGCGTTTCAAAGTTCGTATGGA,8,100.92,26.5,6,OSTIR.No.Spacing.dG,4.725,8,4.614328123772857,1.4677104045343903,1.4211785052523789,6.1461785052523785,5.002789538770376,2.1726838908112884,4.614328123772857,2.003977241845537,-0.5604313569936296,0.5604313569936296,148.82774134170177
2,TTCTAGAGAAAGAAGGGATACACTAGTATGGCGAGCTCTGAAGACGTTATCAAAGAGTTCATGCGTTTCAAAGTTCGTATGGA,6,480.03,135.34,6,OSTIR.No.Spacing.dG,2.325,6,6.173848601948893,0.062070345150489814,0.34686492703419114,2.6718649270341914,6.4265351080540585,2.7910087351853954,6.173848601948893,2.6812683799325097,-0.3645495692574811,0.3645495692574811,618.0288307410357
2,TTCTAGAGAAAGACGCGAGAAACTAGTATGGCGAGCTCTGAAGACGTTATCAAAGAGTTCATGCGTTTCAAAGTTCGTATGGA,6,171.33,50.73,6,OSTIR.No.Spacing.dG,2.815,6,5.143591521344882,2.086168538972323,0.34686492703419114,3.161864927034191,6.225737076085169,2.703803257924274,5.143591521344882,2.233833414884434,-1.5612060253438487,1.5612060253438487,505.59556755190386
2,TTCTAGAGAAAGAAACGACATACTAGTATGGCGAGCTCTGAAGACGTTATCAAAGAGTTCATGCGTTTCAAAGTTCGTATGGA,6,12.53,5.78,6,OSTIR.No.Spacing.dG,8.125,6,2.528125768907977,3.1585927396867977,0.34686492703419114,8.471864927034192,4.049742076585563,1.758780636992526,2.528125768907977,1.09795107099415,-2.1952283012222282,2.1952283012222282,57.382654806349116
2,TTCTAGAaaatgtcaattttgctactggccttacaatATGGCGAGCTCTGAAGACGTTATCAAAGAGTTCATGCGTTTCAAAGTTCGTATGGA,5,44.77,13.9,6,OSTIR.No.Spacing.dG,7.925,5,3.8015382722528743,0.25113137405114205,0,7.925,4.273842895159596,1.8561063858892306,3.8015382722528743,1.650987094383445,-0.6813915372564598,0.6813915372564598,71.7970145538382
2,TTCTAGAaacttccgttaatcagttataaggtggattATGGCGAGCTCTGAAGACGTTATCAAAGAGTTCATGCGTTTCAAAGTTCGTATGGA,5,3416.73,656.07,6,OSTIR.No.Spacing.dG,3.925,5,8.13643923231201,-6.32716687718902,0,3.925,5.913010503068904,2.5679878329187957,8.13643923231201,3.5336106609342366,3.2077296014490804,3.2077296014490804,369.817818915343
2,TTCTAGActttaatttaacgtaaataaggaagtcattATGGCGAGCTCTGAAGACGTTATCAAAGAGTTCATGCGTTTCAAAGTTCGTATGGA,4,11571.19,2173.26,6,OSTIR.No.Spacing.dG,2.525,4,9.356273667102773,-7.903883666624878,0.004598930821107763,2.5295989308211078,6.484834561228918,2.816327865997214,9.356273667102773,4.063378024799436,4.14261095825885,4.14261095825885,655.1305712765175
2,TTCTAGAattaaagAGGAgaaatagcATGGCGAGCTCTGAAGACGTTATCAAAGAGTTCATGCGTTTCAAAGTTCGTATGGA,5,14259.93,2530.75,6,OSTIR.No.Spacing.dG,-3.275,5,9.565208785120333,-2.613740296317675,0,-3.275,8.863512197305656,3.849374437572013,9.565208785120333,4.154117393630267,1.0123341874489415,1.0123341874489415,7069.267857505891
2,TTCTAGAattaaagAGGAgatagcATGGCGAGCTCTGAAGACGTTATCAAAGAGTTCATGCGTTTCAAAGTTCGTATGGA,3,3318.63,880.53,6,OSTIR.No.Spacing.dG,-3.275,3,8.107307326144435,0.9439226344070089,5.617424610012825,2.342424610012825,6.561537082154258,2.849639347583158,8.107307326144435,3.5209588348383347,2.230075065358351,2.230075065358351,707.358126967189
2,TTCTAGAattaaagAGGAgaaattattagcATGGCGAGCTCTGAAGACGTTATCAAAGAGTTCATGCGTTTCAAAGTTCGTATGGA,9,4296.2,1066.04,6,OSTIR.No.Spacing.dG,-3.275,9,8.365486190039876,0.31389831560110393,2.1486271564363757,-1.1263728435636242,7.98302218822946,3.4669824852592765,8.365486190039876,3.6330844907721755,0.5517789187304353,0.5517789187304353,2930.775047109877
2,TTCTAGAattaaagAGGAgaaattataatagcATGGCGAGCTCTGAAGACGTTATCAAAGAGTTCATGCGTTTCAAAGTTCGTATGGA,11,1651.71,333.59,6,OSTIR.No.Spacing.dG,-3.275,11,7.409566393876943,2.6465939876005526,3.984108182954175,0.709108182954175,7.230856927329434,3.1403212629710757,7.409566393876943,3.217933798156533,0.2578232611480041,0.2578232611480041,1381.4057613818534
2,TTCTAGAattaaTAAGGAGGaattaagcATGGCGAGCTCTGAAGACGTTATCAAAGAGTTCATGCGTTTCAAAGTTCGTATGGA,7,19196.38,2828.91,6,OSTIR.No.Spacing.dG,-5.775,7,9.862476998572992,-0.8391529070068584,0.8205910954516508,-4.95440890454835,9.551720366498184,4.148259447853067,9.862476998572992,4.283219338377996,0.4483270520176818,0.4483270520176818,14068.877489383345
2,TTCTAGAattaaTAAGGAGGaatagcATGGCGAGCTCTGAAGACGTTATCAAAGAGTTCATGCGTTTCAAAGTTCGTATGGA,5,13936.57,2290.59,6,OSTIR.No.Spacing.dG,-7.275,5,9.542271599518767,1.4422324681290863,0,-7.275,10.502679805214964,4.561255884601578,9.542271599518767,4.144155900493116,-1.3855761555869712,1.3855761555869712,36412.95166153129
2,TTCTAGAattaaTAAGGAGGaattattagcATGGCGAGCTCTGAAGACGTTATCAAAGAGTTCATGCGTTTCAAAGTTCGTATGGA,9,8857.82,1238.56,6,OSTIR.No.Spacing.dG,-4.975,9,9.089055963662544,0.24819779753010085,2.1486271564363757,-2.826372843563624,8.679668421590915,3.7695321002468414,9.089055963662544,3.9473268507284853,0.5906213767484612,0.5906213767484612,5882.095891951199
2,TTCTAGAattaaTGAGGAAAaattaagcATGGCGAGCTCTGAAGACGTTATCAAAGAGTTCATGCGTTTCAAAGTTCGTATGGA,7,2511.95,592.92,6,OSTIR.No.Spacing.dG,1.625,7,7.828814622931394,-3.276481937110246,0.8205910954516508,2.445591095451651,6.519260291865965,2.8312787708483715,7.828814622931394,3.400010990582591,1.889287539202758,1.889287539202758,678.076620990691
2,TTCTAGAattaaATAGGACAaattaagcATGGCGAGCTCTGAAGACGTTATCAAAGAGTTCATGCGTTTCAAAGTTCGTATGGA,7,1436.8,261.32,6,OSTIR.No.Spacing.dG,3.525,7,7.270173697547935,-3.8132511785522887,0.8205910954516508,4.345591095451651,5.740655678109045,2.493135083509328,7.270173697547935,3.1573963193232286,2.2066280615947957,2.2066280615947957,311.2684359862315
2,TTCTAGAattaaTTAGGAGCaattaagcATGGCGAGCTCTGAAGACGTTATCAAAGAGTTCATGCGTTTCAAAGTTCGTATGGA,7,5632.93,1086.15,6,OSTIR.No.Spacing.dG,2.025,7,8.636385012046686,-5.647166045845937,0.8205910954516508,2.845591095451651,6.355343531075034,2.7600906261454146,8.636385012046686,3.7507343543238245,3.2908472326598193,3.2908472326598193,575.5600294570564
2,TTCTAGAattaaGGAGGATAaattaagcATGGCGAGCTCTGAAGACGTTATCAAAGAGTTCATGCGTTTCAAAGTTCGTATGGA,10,1572.63,293.86,6,OSTIR.No.Spacing.dG,-6.875,10,7.360504656063745,6.366317529174863,3.002937049003641,-3.872062950996359,9.10818375959465,3.955633946952771,7.360504656063745,3.196626556151677,-2.5213679757293064,2.5213679757293064,9028.881371341187
2,TTCTAGAattaaGAAGGACTaattaagcATGGCGAGCTCTGAAGACGTTATCAAAGAGTTCATGCGTTTCAAAGTTCGTATGGA,7,903.1,173.87,6,OSTIR.No.Spacing.dG,0.425,7,6.8058332892567535,0.4198615209682412,0.8205910954516508,1.2455910954516507,7.011010574238758,3.044843204957241,6.8058332892567535,2.9557358422776656,-0.296008251546599,0.296008251546599,1108.7744378011573
2,TTCTAGAattaaTGAGGATAaattaagcATGGCGAGCTCTGAAGACGTTATCAAAGAGTTCATGCGTTTCAAAGTTCGTATGGA,7,2985.88,697.9,6,OSTIR.No.Spacing.dG,1.825,7,8.001649789749733,-3.8982451930076296,0.8205910954516508,2.6455910954516506,6.437301911470501,2.7956846984968933,8.001649789749733,3.475072349810624,2.25687692621862,2.25687692621862,624.718976781996
2,TTCTAGAattaaTCAGGATCaattaagcATGGCGAGCTCTGAAGACGTTATCAAAGAGTTCATGCGTTTCAAAGTTCGTATGGA,7,1103.53,169.22,6,OSTIR.No.Spacing.dG,2.825,7,7.006269411552898,-2.46925532426223,0.8205910954516508,3.645591095451651,6.027510009493173,2.617714336739502,7.006269411552898,3.042784144164967,1.4120513355750126,1.4120513355750126,414.68119056385535
2,TTCTAGAattaaACAGGATAataagcATGGCGAGCTCTGAAGACGTTATCAAAGAGTTCATGCGTTTCAAAGTTCGTATGGA,5,2130.93,406.17,6,OSTIR.No.Spacing.dG,1.625,5,7.664313783131128,-2.875056630737628,0,1.625,6.855531877616755,2.977319664960796,7.664313783131128,3.328569183588885,1.1668256442463114,1.1668256442463114,949.1168091657098
2,TTCTAGAattaaagaggagaaattaagcATGGCGAGCTCTGAAGACGTTATCAAAGAGTTCATGCGTTTCAAAGTTCGTATGGA,7,11640.4,2245.2,6,OSTIR.No.Spacing.dG,-3.275,7,9.36223708495616,-2.11843597433182,0.8205910954516508,-2.454408904548349,8.527240611554866,3.7033335434595887,9.36223708495616,4.065967904266445,1.2046452713358196,1.2046452713358196,5050.490324693828
2,TTCTAGAtcacacaggaaaccggttcgATGGCGAGCTCTGAAGACGTTATCAAAGAGTTCATGCGTTTCAAAGTTCGTATGGA,7,561.87,128.14,6,OSTIR.No.Spacing.dG,1.925,7,6.331270506409872,0.07791950248769575,0.8205910954516508,2.7455910954516507,6.396322721272767,2.777887662321154,6.331270506409872,2.749635844370614,-0.09385050778154214,0.09385050778154214,599.6359501222619
2,TTCTAGAtcacacaggaaaggcctcgATGGCGAGCTCTGAAGACGTTATCAAAGAGTTCATGCGTTTCAAAGTTCGTATGGA,6,283.84,178.39,6,OSTIR.No.Spacing.dG,5.725,6,5.648410699121214,-2.055723002418515,0.34686492703419114,6.0718649270341905,5.033242641331148,2.1859095052102653,5.648410699121214,2.453073598151632,0.8874999062870245,0.8874999062870245,153.4297244973553
2,TTCTAGAtcacacaggacggccggATGGCGAGCTCTGAAGACGTTATCAAAGAGTTCATGCGTTTCAAAGTTCGTATGGA,4,104.01,29.42,6,OSTIR.No.Spacing.dG,3.225,4,4.644487048365042,2.8941146979168084,0.004598930821107763,3.229598930821108,6.197980229844789,2.69174861276704,4.644487048365042,2.017075096376059,-2.24121690897565,2.24121690897565,491.75480568754324
3,TTCTAGAAACAAAATGAGGAGGTACTGAGATGGCGAGCTCTGAAGACGTTATCAAAGAGTTCATGCGTTTCAAAGTTCGT,6,30707.12,7456.48,6,OSTIR.No.Spacing.dG,-8.175,6,10.332249828509683,0.4144778561440381,0.34686492703419114,-7.82813507296581,10.72935007881599,4.659697533638004,10.332249828509683,4.487239086167575,-0.5728945618526755,0.5728945618526755,45676.99593010816
3,TTCTAGAAAGCTGATAAGGAGGTATAACGATGGCGAGCTCTGAAGACGTTATCAAAGAGTTCATGCGTTTCAAAGTTCGT,6,32060.02,8372.3,6,OSTIR.No.Spacing.dG,-7.165,6,10.375365049993668,-0.7007346218867525,0.34686492703419114,-6.818135072965809,10.315460257818891,4.479947468263039,10.375365049993668,4.505963788944106,0.08642434659603454,0.08642434659603454,30195.86452774281
3,TTCTAGAACAACTTAAGGAGGTATTCATGGCGAGCTCTGAAGACGTTATCAAAGAGTTCATGCGTTTCAAAGTTCGTATG,4,54989.62,11630.66,6,OSTIR.No.Spacing.dG,-6.475,4,10.914899719130648,-2.7073410910083204,0.004598930821107763,-6.470401069178892,10.172961679024858,4.418061121813735,10.914899719130648,4.740280718545794,1.0703903311075,1.0703903311075,26185.515124537444
3,TTCTAGAAAAGTAAGGAGGTGCGGCTATGGCGAGCTCTGAAGACGTTATCAAAGAGTTCATGCGTTTCAAAGTTCGTATG,6,35444.23,8772.47,6,OSTIR.No.Spacing.dG,-6.375,6,10.47571575425572,-1.7356167285800268,0.34686492703419114,-6.028135072965809,9.991724655256803,4.3393508824747,10.47571575425572,4.54954554606022,0.6982515583601371,0.6982515583601371,21844.941321596634
3,TTCTAGACTGGTGAGGAGGTGAGAATGGCGAGCTCTGAAGACGTTATCAAAGAGTTCATGCGTTTCAAAGTTCGTATGGA,4,13299.53,3445.31,6,OSTIR.No.Spacing.dG,-5.375,4,9.495483975239566,-0.3435934253220996,0.004598930821107763,-5.370401069178892,9.722190586849798,4.222293723880605,9.495483975239566,4.1238362934472965,-0.3270685043068231,0.3270685043068231,16683.751936340115
3,TTCTAGAAAAGTAAGGAGGCGCGGCTATGGCGAGCTCTGAAGACGTTATCAAAGAGTTCATGCGTTTCAAAGTTCGTATG,6,10933.48,3349.66,6,OSTIR.No.Spacing.dG,-5.175,6,9.299584920248297,-0.0655482173860289,0.34686492703419114,-4.828135072965809,9.49997437288401,4.12578644836583,9.299584920248297,4.038758414854527,-0.2891008695639974,0.2891008695639974,13359.384462779768
3,TTCTAGACACAGAAAAAGGAGGGTCGCGATGGCGAGCTCTGAAGACGTTATCAAAGAGTTCATGCGTTTCAAAGTTCGTA,5,20289.53,4046.52,6,OSTIR.No.Spacing.dG,-5.035,5,9.917860268431312,-1.7143026490859103,0,-5.035,9.584745944785752,4.162602274265022,9.917860268431312,4.307271986867223,0.48058238277253096,0.48058238277253096,14541.267851645964
3,TTCTAGAAGGAGGTTTGGAATGGCGAGCTCTGAAGACGTTATCAAAGAGTTCATGCGTTTCAAAGTTCGTATGGAAGGTT,5,573.31,198.85,6,OSTIR.No.Spacing.dG,-3.675,5,6.3514265826367975,5.628733376237596,0,-3.675,9.027428958096587,3.9205625822749695,6.3514265826367975,2.758389517052789,-3.860655356482925,3.860655356482925,8328.41930704875
3,TTCTAGATGGGGAGTGTAAAATGGCGAGCTCTGAAGACGTTATCAAAGAGTTCATGCGTTTCAAAGTTCGTATGGAAGGT,4,1323.67,512.55,6,OSTIR.No.Spacing.dG,-3.175,4,7.188163460717337,3.086875364785641,0.004598930821107763,-3.170401069178892,8.82064840249968,3.830758928014344,7.188163460717337,3.1217797260081213,-2.3551779298352953,2.3551779298352953,6772.654608054793
3,TTCTAGAGGGGGTTAACAAGATGGCGAGCTCTGAAGACGTTATCAAAGAGTTCATGCGTTTCAAAGTTCGTATGGAAGGT,7,654.43,229.76,6,OSTIR.No.Spacing.dG,-5.775,7,6.4837646277585375,7.405793746432364,0.8205910954516508,-4.95440890454835,9.551720366498184,4.148259447853067,6.4837646277585375,2.8158631997950243,-4.426124529946525,4.426124529946525,14068.877489383345
3,TTCTAGAAGCGAGGAGGCAGTCGATGGCGAGCTCTGAAGACGTTATCAAAGAGTTCATGCGTTTCAAAGTTCGTATGGAA,5,4263.52,2492,6,OSTIR.No.Spacing.dG,-4.375,5,8.35785038915269,1.43253167768157,0,-4.375,9.314283289480716,4.045141835505143,8.35785038915269,3.6297683045819586,-1.3798410022462924,1.3798410022462924,11095.371179603782
3,TTCTAGATAGGGGGCGGTACATGGCGAGCTCTGAAGACGTTATCAAAGAGTTCATGCGTTTCAAAGTTCGTATGGAAGGT,5,555.22,223.49,6,OSTIR.No.Spacing.dG,-2.375,5,6.319364431598535,4.406973455857414,0,-2.375,8.494699485526063,3.6892011119903607,6.319364431598535,2.744465101778923,-3.1383450945731703,3.1383450945731703,4888.786956431862
3,TTCTAGAGATAAGTGAAGGAGGCCCGGCCATGGCGAGCTCTGAAGACGTTATCAAAGAGTTCATGCGTTTCAAAGTTCGT,6,7748.59,2110.48,6,OSTIR.No.Spacing.dG,-2.575,6,8.955266170311253,-1.8253199252317973,0.34686492703419114,-2.228135072965809,8.43451542774296,3.663063507796613,8.955266170311253,3.8892226817410434,0.751284513842521,0.751284513842521,4603.238827905695
3,TTCTAGAGGAGGATAACCACTATGGCGAGCTCTGAAGACGTTATCAAAGAGTTCATGCGTTTCAAAGTTCGTATGGAAGG,8,2279.12,588.68,6,OSTIR.No.Spacing.dG,-5.075,8,7.7315446825325775,3.6608822956368385,1.4211785052523789,-3.6538214947476213,9.018750178148178,3.9167934360337227,7.7315446825325775,3.357767192212327,-1.8570449851296469,1.8570449851296469,8256.45153651119
3,TTCTAGAGATAAGTGAAGGAGGCCGGCCATGGCGAGCTCTGAAGACGTTATCAAAGAGTTCATGCGTTTCAAAGTTCGTA,5,7532.66,2615.49,6,OSTIR.No.Spacing.dG,-0.975,5,8.927003512066616,-3.3563516071458017,0,-0.975,7.920990822757806,3.4400426055300133,8.927003512066616,3.8769483652214802,1.45136951793719,1.45136951793719,2754.4989143003613
3,TTCTAGAACACTAAGGAGACCAACTTGCATGGCGAGCTCTGAAGACGTTATCAAAGAGTTCATGCGTTTCAAAGTTCGTA,4,4170.16,1587.94,6,OSTIR.No.Spacing.dG,-3.9245,4,8.335709683361321,1.0360608219485394,0.004598930821107763,-3.9199010691788923,9.127787433031687,3.9641477141515087,8.335709683361321,3.620152718231324,-1.1427266414479265,1.1427266414479265,9207.626923614833
3,TTCTAGAAAGTTAAGAGGCAAGAATGGCGAGCTCTGAAGACGTTATCAAAGAGTTCATGCGTTTCAAAGTTCGTATGGAA,4,1951.08,1283.65,6,OSTIR.No.Spacing.dG,0.425,4,7.576138344395464,-1.4598853735453814,0.004598930821107763,0.4295989308211077,7.345397555381304,3.1900656256877356,7.576138344395464,3.290275077106588,0.33288859204153615,0.33288859204153615,1549.0506763088424
3,TTCTAGATTAACTGGGGGCTATCATGGCGAGCTCTGAAGACGTTATCAAAGAGTTCATGCGTTTCAAAGTTCGTATGGAA,4,2492.47,609.77,6,OSTIR.No.Spacing.dG,2.325,4,7.821029465655234,-3.9574841061658192,0.004598930821107763,2.329598930821108,6.566792941624382,2.851921938348692,7.821029465655234,3.396629939736806,1.8094808133211204,1.8094808133211204,711.0856890680008
3,TTCTAGATGAGAATAAGGTTATGGCGAGCTCTGAAGACGTTATCAAAGAGTTCATGCGTTTCAAAGTTCGTATGGAAGGT,4,315.52,136.33,6,OSTIR.No.Spacing.dG,2.625,4,5.7542220714142704,0.7860694249513389,0.004598930821107763,2.629598930821108,6.4438553710311846,2.7985308298214746,5.7542220714142704,2.499026893261117,-0.9949305413892147,0.9949305413892147,628.8264918493446
3,TTCTAGATAAGCAGGACCGGCGGCGATGGCGAGCTCTGAAGACGTTATCAAAGAGTTCATGCGTTTCAAAGTTCGTATGG,6,163.18,46.07,6,OSTIR.No.Spacing.dG,2.825,6,5.094853886000654,2.195101185296126,0.34686492703419114,3.1718649270341914,6.221639157065395,2.7020235543066997,5.094853886000654,2.212666928793423,-1.6256075227118287,1.6256075227118287,503.5279172844912
3,TTCTAGAAACCTCAAGGAATTCCCTATGGCGAGCTCTGAAGACGTTATCAAAGAGTTCATGCGTTTCAAAGTTCGTATGG,4,1633.61,483.36,6,OSTIR.No.Spacing.dG,3.125,4,7.3985475688412246,-3.726517181794082,0.004598930821107763,3.129598930821108,6.238959420042521,2.709545648942779,7.3985475688412246,3.213148383246463,1.672932071745503,1.672932071745503,512.3251182223368
3,TTCTAGAGGCGACAGGCGGATCTATCCCATGGCGAGCTCTGAAGACGTTATCAAAGAGTTCATGCGTTTCAAAGTTCGTA,8,304.04,130.63,6,OSTIR.No.Spacing.dG,2.925,8,5.71715927169784,0.5765124023200849,1.4211785052523789,4.346178505252379,5.740414962329564,2.4930305419745924,5.71715927169784,2.4829307238603855,-0.033550869546836226,0.033550869546836226,311.19351777939437
3,TTCTAGAATAAAAAGGGACGCTAATGGCGAGCTCTGAAGACGTTATCAAAGAGTTCATGCGTTTCAAAGTTCGTATGGAA,3,206.18,93.27,6,OSTIR.No.Spacing.dG,2.425,3,5.328749573668238,2.0243342020077995,5.617424610012825,8.042424610012825,4.225723240883495,1.8352082855660274,5.328749573668238,2.3142465352884214,1.5913306202784891,1.5913306202784891,68.42397267180296
3,TTCTAGAATAGAGTCGACGCATGGCGAGCTCTGAAGACGTTATCAAAGAGTTCATGCGTTTCAAAGTTCGTATGGAAGGT,5,63.31,35.14,6,OSTIR.No.Spacing.dG,4.725,5,4.148043294556035,2.60556800241982,0,4.725,5.5851769814870424,2.4256115435128827,4.148043294556035,1.801472313521471,-2.0733456432298367,2.0733456432298367,266.4474348300535
3,TTCTAGAGAGTAATATTTCACATGGCGAGCTCTGAAGACGTTATCAAAGAGTTCATGCGTTTCAAAGTTCGTATGGAAGG,9,101.61,30.33,6,OSTIR.No.Spacing.dG,5.025,9,4.62114195549779,1.1510828633554295,2.1486271564363757,7.1736271564363765,4.581749401817646,1.9898284826729284,4.62114195549779,2.0069364513642927,0.056831441842295785,0.056831441842295785,97.6851353694316
3,TTCTAGACGAGCTGGTACTTAAAAACATGGCGAGCTCTGAAGACGTTATCAAAGAGTTCATGCGTTTCAAAGTTCGTATG,10,115.85,42.73,6,OSTIR.No.Spacing.dG,2.725,10,4.752296250878385,3.1310318941982795,3.002937049003641,5.727937049003641,5.174181500612313,2.2471184740818146,4.752296250878385,2.063896038125994,-0.6086517576153402,0.6086517576153402,176.65196556141984
3,TTCTAGATTCGCAGGGGGAAGATGGCGAGCTCTGAAGACGTTATCAAAGAGTTCATGCGTTTCAAAGTTCGTATGGAAGG,3,79.07,26.33,6,OSTIR.No.Spacing.dG,2.125,3,4.3703335360828355,4.6631213594915275,5.617424610012825,7.742424610012825,4.348660811476693,1.8885993940932448,4.3703335360828355,1.8980117387975013,0.0312671323118344,0.0312671323118344,77.37477410184553
3,TTCTAGATTTCTCCCATAATAACTCGAACCATTACCGAGCTATGGCGAGCTCTGAAGACGTTATCAAAGAGTTCATGCGTTTCAAAGTTCGTATGGAAGG,11,4.14,8.17,6,OSTIR.No.Spacing.dG,11.425,11,1.4206957878372228,2.561013104089282,3.984108182954175,15.409108182954176,1.206915968262729,0.5241569451374234,1.4206957878372228,0.6170003411208989,0.3084190855422595,0.3084190855422595,3.3431583309865114
3,TTCTAGAGGGAACGATTTAGGCCAATTATTAAAACCGACCCCATGGCGAGCTCTGAAGACGTTATCAAAGAGTTGAAGACGTTATCAAAGAGTTCATGCGTTTCAAAGTTCGTATGGAAGG,17,5.61,0.63,6,OSTIR.No.Spacing.dG,3.525,17,1.724550719534605,9.719527168834771,12.535221055706018,16.060221055706016,0.9400951857358315,0.4082781516288842,1.724550719534605,0.7489628612561614,1.1317301084093951,1.1317301084093951,2.560225103641789
4.1,TTCTAGATTAGGCCTGATCTAAGCCATTAACTTTAGTTATGGCTGAAGCGCAAAACGATCCCCTGGCGAGCTCTGAAGACGTT,10,0.3,1.36,6,OSTIR.No.Spacing.dG,7.865,10,-1.2039728043259361,12.525894653721215,3.002937049003641,10.867937049003642,3.067851124448852,1.3323508146488228,-1.2039728043259361,-0.5228787452803376,-6.162939197594196,6.162939197594196,21.495661508069293
4.1,TTCTAGACCAGTCGCGTACCGCTATTGGTCCAGCTACAATGGCTGAAGCGCAAAACGATCCCCTGGCGAGCTCTGAAGACGTT,3,1.12,3.4,6,OSTIR.No.Spacing.dG,3.765,3,0.11332868530700327,13.411332620463117,5.617424610012825,9.382424610012825,3.6766020922338774,1.5967280008111233,0.11332868530700327,0.049218022670181646,-5.140716873504923,5.140716873504923,39.51190789745966
4.1,TTCTAGATTCTAaaggaggAGTCCGGGATGGCTGAAGCGCAAAATGATCCCCTGATGGCGAGCTCTGAAGACGTT,7,3457.99,39.94,6,OSTIR.No.Spacing.dG,-3.475,7,8.148442774394058,1.043541323670666,0.8205910954516508,-2.654408904548349,8.609198991950333,3.7389276158110674,8.148442774394058,3.538823733023763,-0.6647307101271945,0.6647307101271945,5481.855908003963
4.1,TTCTAGAAAAGGAAGTAAAGGGGATATTAATGGCTGAAGCGCAAAACGATCCCGCCGCGAGCTCTGAAGACGTT,4,5200.8,1123.33,6,OSTIR.No.Spacing.dG,-0.975,4,8.556567738890259,-2.4523909105362995,0.004598930821107763,-0.9704010691788922,7.919106218149562,3.4392241321480834,8.556567738890259,3.7160701530314233,0.9196625747301405,0.9196625747301405,2749.312661506042
4.1,TTCTAGACGTAAATAACAATTCATTCAGTCTGAAGCTAATCAATGGCTGAAGCGCAAAACGATCCCCTGGCGAGCTCTGAAGACGTT,6,9.03,2.34,6,OSTIR.No.Spacing.dG,5.965,6,2.200552367428894,6.117957978234649,0.34686492703419114,6.311864927034191,4.934892584856589,2.1431966183884916,2.200552367428894,0.9556877503135057,-3.944819071786186,3.944819071786186,139.05820477281395
4.1,TTCTAGAAATATTAACCGAAAGACGGAAAACCACTTCCCCATGGCTGAAGCGCAAAACGATCCCCTGGCGAGCTCTGAAGACGTT,10,609.67,163.02,6,OSTIR.No.Spacing.dG,1.125,10,6.412917827176371,0.6786785697788391,3.002937049003641,4.127937049003641,5.829848543776036,2.5318710528936403,6.412917827176371,2.785094825241689,0.8411911636563453,0.8411911636563453,340.3071335349678
4.1,TTCTAGACTGACACAATATACGTAGAATTGGACACCACTATGGCTGAAGCGCAAAACGATCCCCTGGCGAGCTCTGAAGACGTT,4,1623.96,197.27,6,OSTIR.No.Spacing.dG,-0.475,4,7.392622889876415,-0.1120594071620743,0.004598930821107763,-0.47040106917889224,7.714210267160898,3.3502389512693878,7.392622889876415,3.2105753278649973,-0.46395251442081276,0.46395251442081276,2239.9532344666404
4.1,TTCTAGATATACCTATAAATCTAAGGACCTATTTTTATCTATGGCTGAAGCGCAAAACGATCCCCTGGCGAGCTCTGAAGACGTT,10,3013.96,598.95,6,OSTIR.No.Spacing.dG,-4.775,10,8.011010107698242,2.678913169802022,3.002937049003641,-1.7720629509963595,8.247620765442264,3.581896187262249,8.011010107698242,3.4791374842445215,-0.34135702254877587,0.34135702254877587,3818.5298268546308
4.1,TTCTAGATACCCACTTAAGGAGAGTAATATATCATGGCTGAAGCGCAAAACGATCCCCTGGCGAGCTCTGAAGACGTT,9,32070.51,2401.42,6,OSTIR.No.Spacing.dG,-6.175,9,10.375692195273569,-1.6915329423960692,2.1486271564363757,-4.026372843563625,9.171418703963708,3.9830965343557114,10.375692195273569,4.5061058663339475,1.7373993937867747,1.7373993937867747,9618.260479415982
4.1,TTCTAGACTGAAATTTACTTTGTAATAAGAGAGGAATATATGGCTGAAGCGCAAAACGATCCCCTGGCGAGCTCTGAAGACGTT,5,46676.76,1741.89,6,OSTIR.No.Spacing.dG,-5.835,5,10.751001675251235,-2.947386765194236,0,-5.835,9.912579466367614,4.304978563670935,10.751001675251235,4.6691007024942275,1.2095875629275707,1.2095875629275707,20182.6674165187
4.1,TTCTAGAACAACAACAAATAAGGAGTAAATAGATGGCTGAAGCGCAAAACGATCCCCTGGCGAGCTCTGAAGACGTT,5,44658.2,1113.66,6,OSTIR.No.Spacing.dG,-8.115,5,10.706793220058836,-0.559506509437389,0,-8.115,10.84690500287592,4.710750988477788,10.706793220058836,4.6499012143507015,-0.2021385742403175,0.2021385742403175,51374.89987419816
4.1,TTCTAGAACCCCACGACTAAACTATAAAATAAGGAGGTACGCATGGCTGAAGCGCAAAACGATCCCCTGGCGAGCTCTGAAGACGTT,4,69547.59,3546.5,6,OSTIR.No.Spacing.dG,-9.375,4,11.149766545421238,-0.3804779079080962,0.004598930821107763,-9.370401069178893,11.361358194759108,4.93417517091017,11.149766545421238,4.842282085185926,-0.3052622231932603,0.3052622231932603,85936.00709950557
4.2,TTCTAGAGGTATTACGTTTCAGGCCAGCGTCACCCAGATCGATGTCCAGATTAGATAAAAGTAAAGTTGCGAGCTCTGAAGACG,4,680.37,195.99,6,OSTIR.No.Spacing.dG,2.9755,4,6.52263676783888,-1.4395644972097792,0.004598930821107763,2.9800989308211077,6.300223309388132,2.7361522180255093,6.52263676783888,2.832745155731687,0.32087479353385767,0.32087479353385767,544.6935317250901
4.2,TTCTAGACGTTACCACGTCGGCCGAAAATCGTTTCAGCTGCCATGTCCAGATTAGATAAAAGTAAAGTTGCGAGCTCTGAAGACG,4,212.48,45.62,6,OSTIR.No.Spacing.dG,3.8755,4,5.358847866288069,0.500386453346588,0.004598930821107763,3.880098930821108,5.931410597608537,2.5759788924438567,5.358847866288069,2.3273180576879233,-0.8260334130738801,0.8260334130738801,376.68549089182727
4.2,TTCTAGAGTGCAtaaggagTGCTCGATGTCCAGATTAGATAAAAGTAAAGTGATGGCGAGCTCTGAAGACG,4,30901.02,1420.73,6,OSTIR.No.Spacing.dG,-4.375,4,10.338544472049767,-3.4008827293377912,0.004598930821107763,-4.370401069178892,9.312398684872473,4.044323362123214,10.338544472049767,4.489972815122582,1.4804154383897832,1.4804154383897832,11074.480483482808
4.2,TTCTAGATTGATAGATAAGGACAAAGTTATGTCCAGATTAGATAAAAGTAAAGTTGCGAGCTCTGAAGACG,4,12548.3,1437.77,6,OSTIR.No.Spacing.dG,-2.575,4,9.437340477217314,-3.0017080006914556,0.004598930821107763,-2.5704010691788923,8.574773261313284,3.7239767109599096,9.437340477217314,4.09858489309768,1.2444214448181428,1.2444214448181428,5296.35041452858
4.2,TTCTAGAGTCAAGGACCTCTTGGCGGTTATCTTAAGGCACAATGTCCAGATTAGATAAAAGTAAAGTTGCGAGCTCTGAAGACG,3,328.15,56.1,6,OSTIR.No.Spacing.dG,-0.875,3,5.793470820919731,4.19029215527842,5.617424610012825,4.742424610012825,5.578036517408673,2.422510479365419,5.793470820919731,2.5160724085929416,0.3108060013127715,0.3108060013127715,264.55165292904854
4.2,TTCTAGATGACCACCATAGGTTGGATACAAATACCACAGGATGTCCAGATTAGATAAAAGTAAAGTTGCGAGCTCTGAAGACG,12,2502.82,507.78,6,OSTIR.No.Spacing.dG,-3.075,12,7.825173375142304,1.432403665000289,5.092140558287977,2.017140558287977,6.694835852393474,2.9075302679425388,7.825173375142304,3.3984296167605472,1.6307323386004529,1.6307323386004529,808.2212557367325
4.2,TTCTAGATAAGAAAACCACCCTACAAAGAAAACCCTAATTAGATGTCCAGATTAGATAAAAGTAAAGTTGCGAGCTCTGAAGACG,9,1684.75,325.15,6,OSTIR.No.Spacing.dG,-1.275,9,7.4293724638263265,0.5982619687055599,2.1486271564363757,0.8736271564363758,7.163438384274806,3.111041761744494,7.4293724638263265,3.2265354650437397,0.3836617777723499,0.3836617777723499,1291.3434431905498
4.2,TTCTAGACTAGATTAGAAAGGAGGTACCACACCACAAAAGTAATGTCCAGATTAGATAAAAGTAAAGTTGCGAGCTCTGAAGACG,17,806.69,493.62,6,OSTIR.No.Spacing.dG,-13.375,17,6.69293945568412,14.495352161529704,12.535221055706018,-0.8397789442939825,7.865578329152655,3.415977265328797,6.69293945568412,2.9067066733161666,-1.691760287506676,1.691760287506676,2606.0171253015233
4.2,TTCTAGATTAGACCTGACTAACAAGAGGTAGGGGGATCATATGTCCAGATTAGATAAAAGTAAAGTTGCGAGCTCTGAAGACG,4,59602.62,26031.95,6,OSTIR.No.Spacing.dG,-6.075,4,10.995454811818783,-3.3039166999928833,0.004598930821107763,-6.070401069178892,10.00904491823393,4.346872977110779,10.995454811818783,4.775265350789455,1.4230886617586793,1.4230886617586793,22226.597098138118
4.2,TTCTAGAAGAACAATACAGGAGGACAATTCGCCCTATGTCCAGATTAGATAAAAGTAAAGTTGCGAGCTCTGAAGACG,11,81224.76,27649.64,6,OSTIR.No.Spacing.dG,-8.475,11,11.304975405777625,-1.659228341012005,3.984108182954175,-4.490891817045824,9.361774817611533,4.06576714410951,11.304975405777625,4.909688436781198,2.803445851999739,2.803445851999739,11635.020266734913
4.2,TTCTAGATAAGTCATTCACAGAACAAACACGAGGTATCATATGTCCAGATTAGATAAAAGTAAAGTTGCGAGCTCTGAAGACG,5,21715.27,1508.97,6,OSTIR.No.Spacing.dG,-7.435,5,9.985770978693143,0.5199773600256687,0,-7.435,10.568246509531336,4.589731142482761,9.985770978693143,4.336765233596066,-0.8403345597794283,0.8403345597794283,38880.437439667454
5,TTCTAGAACGACTATTTTTTCCACTATTGAGGTATAAATGGCGAGCTCTGAAGACGTTATCAAAGAGTTCATGCGTTTCAAAGT,4,2575.02,714.25,6,OSTIR.No.Spacing.dG,1.925,4,7.853612580057965,-3.636995473387845,0.004598930821107763,1.929598930821108,6.7307097024153135,2.9231100830516485,7.853612580057965,3.4107806065251345,1.6200064129750003,1.6200064129750003,837.7416022667759
5,TTCTAGAACGACTATTTTTTCCACTATTGAGGTATAAGTGAAACCAGTAACGTTATACGGCGTCGCGAGCTCTGAAGACGTTAT,4,6094.22,2342.94,6,OSTIR.No.Spacing.dG,-0.2558,4,8.715096059977059,-3.5584417007102145,0.004598930821107763,-0.2512010691788923,7.624383882247468,3.3112278479721677,8.715096059977059,3.784918128104808,1.5735650498476825,1.5735650498476825,2047.5185637843526
5,TTCTAGAACACTTTACTTTTTAATTAGCAGGAGATTTAAAAAATGGCGAGCTCTGAAGACGTTATCAAAGAGTTCATGCGTTTC,7,17795.97,2946.19,6,OSTIR.No.Spacing.dG,-1.875,7,9.786727306152429,-4.5543037383067055,0.8205910954516508,-1.0544089045483491,7.953531948786609,3.4541750369992408,9.786727306152429,4.250321664953876,2.644741851052339,2.644741851052339,2845.607763240956
5,TTCTAGAACACTTTACTTTTTAATTAGCAGGAGATTTAAAAAGTGAAACCAGTAACGTTATACGGCGTCGCGAGCTCTGAAGAC,7,12708.84,2285.45,6,OSTIR.No.Spacing.dG,2.4442,7,9.45005309329932,-8.051930126850285,0.8205910954516508,3.264791095451651,6.183558765766139,2.6854854504967163,9.45005309329932,4.104105912112651,4.712555167424051,4.712555167424051,484.7138737253601
5,TTCTAGATTCACGTCAACATTTAAGGAGGATATCGACATGGCGAGCTCTGAAGACGTTATCAAAGAGTTCATGCGTTTCAAAGT,7,31160.84,4973.79,6,OSTIR.No.Spacing.dG,-5.675,7,10.346917457259332,-2.1213150150153846,0.8205910954516508,-4.854408904548349,9.510741176300451,4.130462411677327,10.346917457259332,4.493609156396153,1.2063473738483543,1.2063473738483543,13503.999452611492
5,TTCTAGATTCACGTCAACATTTAAGGAGGATATCGACGTGAAACCAGTAACGTTATACGGCGTCGCGAGCTCTGAAGACGTTAT,7,1453.09,229.1,6,OSTIR.No.Spacing.dG,-1.0558,7,7.281447602464143,0.7400375288579626,0.8205910954516508,-0.2352089045483493,7.617830422686783,3.308381716647586,7.281447602464143,3.1622925140178397,-0.48529782657544707,0.48529782657544707,2034.14410602783
5,TTCTAGACAGAAAAAATAGAATAAGGAGGTTTCACTATCATGGCGAGCTCTGAAGACGTTATCAAAGAGTTCATGCGTTTCAAA,9,8099.68,1836.08,6,OSTIR.No.Spacing.dG,-9.075,9,8.999579833707301,4.566543083328825,2.1486271564363757,-6.926372843563623,10.359815219697955,4.499210583452146,8.999579833707301,3.9084678612268653,-1.9624048458104015,1.9624048458104015,31565.34812902921
5,TTCTAGACAGAAAAAATAGAATAAGGAGGTTTCACTATCGTGAAACCAGTAACGTTATACGGCGTCGCGAGCTCTGAAGACGTT,9,2820.32,510.36,6,OSTIR.No.Spacing.dG,-2.1558,9,7.944605632671643,0.22175755063576696,2.1486271564363757,-0.007172843563624465,7.524383091536436,3.2677980563804043,7.944605632671643,3.450298387166787,0.6062529761655225,0.6062529761655225,1852.6699457081854
5,TTCTAGATTCCCCCGGAAACCAATAAAAGAAGGCCATCGTCATGGCGAGCTCTGAAGACGTTATCAAAGAGTTCATGCGTTTCA,7,231.71,41.81,6,OSTIR.No.Spacing.dG,5.125,7,5.445486589764657,-0.960534814517759,0.8205910954516508,5.94559109545165,5.084988634945322,2.2083825046975023,5.445486589764657,2.3649447772129473,0.5200886116684685,0.5200886116684685,161.57810288319084
5,TTCTAGATTCCCCCGGAAACCAATAAAAGAAGGCCATCGTCATGTCCAGATTAGATAAAAGTAAAGTTGCGAGCTCTGAAGACG,7,99171.01,60261.12,6,OSTIR.No.Spacing.dG,-4.175,7,11.50460101265992,-6.446367315498963,0.8205910954516508,-3.354408904548349,8.896053323334462,3.8635068690412413,11.50460101265992,4.996384736296766,3.7633388153122036,3.7633388153122036,7303.0936375802075
5,TTCTAGATGGAGAAGCCATTAATATTAAGGAAGGTAACAATGGCGAGCTCTGAAGACGTTATCAAAGAGTTCATGCGTTTCAAA,5,129.08,39.93,6,OSTIR.No.Spacing.dG,-1.975,5,4.860432367183761,7.567151334861705,0,-1.975,8.330782724735132,3.618012967287404,4.860432367183761,2.110858956731867,-5.006657250986604,5.006657250986604,4149.664326344359
5,TTCTAGATGGAGAAGCCATTAATATTAAGGAAGGTAACAATGTCCAGATTAGATAAAAGTAAAGTTGCGAGCTCTGAAGACGTT,5,74088.14,13161.01,6,OSTIR.No.Spacing.dG,-11.065,5,11.213010744493067,1.1551896156162513,0,-11.065,12.055791113709033,5.235763555662091,11.213010744493067,4.869748691855212,-1.2158750592264433,1.2158750592264433,172093.1387695424
5,TTCTAGACCCACGTACCGATTAAAGGAGGCCTAGTAATGGCGAGCTCTGAAGACGTTATCAAAGAGTTCATGCGTTTCAAAGTT,6,3313.72,386.05,6,OSTIR.No.Spacing.dG,-2.775,6,8.105826704374778,0.4475357408703444,0.34686492703419114,-2.4281350729658087,8.516473808138425,3.698657580148091,8.105826704374778,3.520315808973987,-0.5924385401552298,0.5924385401552298,4996.404377081503
5,TTCTAGACCCACGTACCGATTAAAGGAGGCCTAGTAATGTCCAGATTAGATAAAAGTAAAGTTGCGAGCTCTGAAGACGTTATC,6,62781.45,5412.58,6,OSTIR.No.Spacing.dG,-9.075,6,11.04741492665678,-0.4307130436670228,0.34686492703419114,-8.728135072965808,11.098162790595584,4.819870859219656,11.04741492665678,4.797831341942657,-0.07321369164022093,0.07321369164022093,66049.7014972842
5,TTCTAGAATAACCAGGGTAATAAGGAAGTACACAGACCATGGCGAGCTCTGAAGACGTTATCAAAGAGTTCATGCGTTTCAAAG,9,632.64,139.42,6,OSTIR.No.Spacing.dG,0.755,9,6.449901539982252,0.9584285852685851,2.1486271564363757,2.9036271564363756,6.3315608232608325,2.7497619273769898,6.449901539982252,2.801156647633578,0.1707295651492381,0.1707295651492381,562.0331440096307
5,TTCTAGAATAACCAGGGTAATAAGGAAGTACACAGACCATGTCCAGATTAGATAAAAGTAAAGTTGCGAGCTCTGAAGACGTTA,9,83090.26,37992.75,6,OSTIR.No.Spacing.dG,-7.675,9,11.327682765791211,-2.5146402705889885,2.1486271564363757,-5.526372843563625,9.786106556929697,4.250052076991798,11.327682765791211,4.919550117933689,2.224024351676915,2.224024351676915,17784.926593402404
5,TTCTAGAAAAACACCATATAAGTACAGAGAGGTAGAATATGGCGAGCTCTGAAGACGTTATCAAAGAGTTCATGCGTTTCAAAG,6,13687.71,3005.51,6,OSTIR.No.Spacing.dG,1.625,6,9.524253628906916,-7.413798945559397,0.34686492703419114,1.9718649270341913,6.7133894394381874,2.9155879884155698,9.524253628906916,4.136330795281295,4.05521982675891,4.05521982675891,823.3566327483867
5,TTCTAGAAAAACACCATATAAGTACAGAGAGGTAGAATATGTCCAGATTAGATAAAAGTAAAGTTGCGAGCTCTGAAGACGTTA,6,62243.38,33169.53,6,OSTIR.No.Spacing.dG,-8.375,6,11.038807463290357,-1.1097085696281503,0.34686492703419114,-8.028135072965808,10.811308459211457,4.695291605989483,11.038807463290357,4.794093168099435,0.3282116849918081,0.3282116849918081,49578.29713583618
5,TTCTAGAACTGTCCATAGATTTGAAAAGACCTTATCCCATGGCGAGCTCTGAAGACGTTATCAAAGAGTTCATGCGTTTCAAAG,5,43.26,22.46,6,OSTIR.No.Spacing.dG,6.545,5,3.7672284205249125,1.7148564344108266,0,6.545,4.8393557198883075,2.101705485114431,3.7672284205249125,1.6360865151030723,-1.546752737993247,1.546752737993247,126.38789628493575
5,TTCTAGAACTGTCCATAGATTTGAAAAGACCTTATCCCATGGCTGAAGCGCAAAACGATCCCCTGGCGAGCTCTGAAGACGTTA,5,819.84,245.37,6,OSTIR.No.Spacing.dG,2.325,5,6.7091091992683145,-1.2441062648232153,0,2.325,6.568677546232626,2.852740411730622,6.7091091992683145,2.9137291037285733,0.20260004941842685,0.20260004941842685,712.4270680219352
5,TTCTAGAAACCACACTCCGTTTTTAGTAGGAGACCAAAAATGGCGAGCTCTGAAGACGTTATCAAAGAGTTCATGCGTTTCAAA,5,1486.26,202.8,6,OSTIR.No.Spacing.dG,3.225,5,7.304018176325502,-3.5958406065382027,0,3.225,6.199864834453033,2.6925670861489697,7.304018176325502,3.172094789699218,1.5929565507003876,1.5929565507003876,492.68244290059124
5,TTCTAGAAACCACACTCCGTTTTTAGTAGGAGACCAAAAATGGCTGAAGCGCAAAACGATCCCCTGGCGAGCTCTGAAGACGTT,5,9799.17,2382.64,6,OSTIR.No.Spacing.dG,-1.875,5,9.190052967194383,-3.098261449332779,0,-1.875,8.2898035345374,3.6002159311116655,9.190052967194383,3.9911892920511263,1.2987853920573318,1.2987853920573318,3983.0515855840267
5,TTCTAGAAATTATAAACTTTCGGAACAAACGGAGTCATCAAATGGCGAGCTCTGAAGACGTTATCAAAGAGTTCATGCGTTTCA,5,1002.76,101.4,6,OSTIR.No.Spacing.dG,1.925,5,6.910511477175854,-1.3355807838064693,0,1.925,6.732594307023557,2.9239285564335784,6.910511477175854,3.001197001666563,0.25668021906771615,0.25668021906771615,839.3219026038404
5,TTCTAGAAATTATAAACTTTCGGAACAAACGGAGTCATCAAATGGCTGAAGCGCAAAACGATCCCCTGGCGAGCTCTGAAGACG,5,4463.6,375.04,6,OSTIR.No.Spacing.dG,-1.875,5,8.403710894311546,-1.179380014417689,0,-1.875,8.2898035345374,3.6002159311116655,8.403710894311546,3.6496852689097454,0.16433358306691512,0.16433358306691512,3983.0515855840267
5,TTCTAGAACGATCTGCACAACTCAAAATAAGGTAGGCGGCATGGCGAGCTCTGAAGACGTTATCAAAGAGTTCATGCGTTTCAA,4,1211.81,199.15,6,OSTIR.No.Spacing.dG,0.325,4,7.099870388663669,-0.19766632179324053,0.004598930821107763,0.32959893082110775,7.386376745579036,3.2078626618634747,7.099870388663669,3.0834345320249272,-0.41334130030496297,0.41334130030496297,1613.8481244992165
5,TTCTAGAACGATCTGCACAACTCAAAATAAGGTAGGCGGCATGGCTGAAGCGCAAAACGATCCCCTGGCGAGCTCTGAAGACGT,4,8211.15,2245.01,6,OSTIR.No.Spacing.dG,-3.075,4,9.013248265718763,-1.4668114850399219,0.004598930821107763,-3.0704010691788923,8.779669212301947,3.812961891838605,9.013248265718763,3.914403985825713,0.3369833420199795,0.3369833420199795,6500.726457310797
5,TTCTAGATTTATACATCCGACTTTAAGGAGGCGACCTCATGGCGAGCTCTGAAGACGTTATCAAAGAGTTCATGCGTTTCAAAG,6,6600.75,1358.59,6,OSTIR.No.Spacing.dG,-4.875,6,8.79493855792203,0.8659216088629718,0.34686492703419114,-4.528135072965809,9.377036802290812,4.0723953398386135,8.79493855792203,3.819593284383681,-0.839790250461013,0.839790250461013,11813.955749843653
5,TTCTAGATTTATACATCCGACTTTAAGGAGGCGACCTCATGGCTGAAGCGCAAAACGATCCCCTGGCGAGCTCTGAAGACGTTA,6,22522.86,1937.76,6,OSTIR.No.Spacing.dG,-7.715,6,10.022286072413836,0.7108709293116888,0.34686492703419114,-7.368135072965809,10.540845803906421,4.577831167229605,10.022286072413836,4.352623537305143,-0.7481235530290654,0.7481235530290654,37829.5493066324
6,TTCTAGA AAAGTAAGGAGGCGATGGC GAGCTCTGAAGACGTTATCAAAGAGTTCATGCGTTTCAAAGTTCGTATGGA,1,2.85,4.84,6,OSTIR.No.Spacing.dG,-5.375,1,1.0473189942805592,20.27215066379958,16.802135311751503,11.427135311751503,2.8386962047749895,1.2328300975334812,1.0473189942805592,0.45484486000851015,-2.5844110179418194,2.5844110179418194,17.093464624836717
6,TTCTAGA AAAGTAAGGAGGCGCATGGC GAGCTCTGAAGACGTTATCAAAGAGTTCATGCGTTTCAAAGTTCGTATGGA,2,7.21,1.39,6,OSTIR.No.Spacing.dG,-5.375,2,1.9754689512968577,18.007220701694933,16.158564669502535,10.783564669502535,3.1024262423189635,1.3473665975509665,1.9754689512968577,0.8579352647194289,-1.6258556950512524,1.6258556950512524,22.251874278912013
6,TTCTAGA AAAGTAAGGAGGCGCGATGGC GAGCTCTGAAGACGTTATCAAAGAGTTCATGCGTTTCAAAGTTCGTATGGA,3,569.76,95.81,6,OSTIR.No.Spacing.dG,-5.075,3,6.345215219529468,7.0438907355640215,5.617424610012825,0.5424246100128247,7.299162505713446,3.169985998746462,6.345215219529468,2.7556919563301783,-1.3762550190471101,1.3762550190471101,1479.0607038466396
6,TTCTAGA AAAGTAAGGAGGCGCGGCATGGC GAGCTCTGAAGACGTTATCAAAGAGTTCATGCGTTTCAAAGTTCGTATGGA,5,1306.95,174.96,6,OSTIR.No.Spacing.dG,-4.875,5,7.175451457345406,4.8178959957707646,0,-4.875,9.51917924046938,4.1341270163838395,7.175451457345406,3.116258973089756,-3.3812844499066426,3.3812844499066426,13618.429170222142
6,TTCTAGA AAAGTAAGGAGGCGCGGCTAATGGC GAGCTCTGAAGACGTTATCAAAGAGTTCATGCGTTTCAAAGTTCGTATGGA,7,1632.96,185.56,6,OSTIR.No.Spacing.dG,-5.075,7,7.398149597875607,4.474453972012759,0.8205910954516508,-4.25440890454835,9.264866035114055,4.0236801946228935,7.398149597875607,3.212975546652137,-2.6931025467498233,2.6931025467498233,10560.395773552484
6,TTCTAGA AAAGTAAGGAGGCGCGGCTAAATGGC GAGCTCTGAAGACGTTATCAAAGAGTTCATGCGTTTCAAAGTTCGTATGGA,8,1844.38,1091.03,6,OSTIR.No.Spacing.dG,-4.375,8,7.5198984566389715,3.477354741462076,1.4211785052523789,-2.953821494747621,8.73189584676405,3.7922141828035496,7.5198984566389715,3.265850404191085,-1.748542624303818,1.748542624303818,6197.466427332969
6,TTCTAGA AAAGTAAGGAGGCGCGGCTAAATCTATGGC GAGCTCTGAAGACGTTATCAAAGAGTTCATGCGTTTCAAAGTTCGTATGGA,12,1015.14,123.96,6,OSTIR.No.Spacing.dG,-3.375,12,6.9227818129987595,3.9344763701692473,5.092140558287977,1.7171405582879773,6.817773422986672,2.960921376469756,6.9227818129987595,3.0065259408055502,0.15149508352217247,0.15149508352217247,913.9477677932348
6,TTCTAGA AAAGTAAGGAGGCGCGGCTAAATCTTCATGGC GAGCTCTGAAGACGTTATCAAAGAGTTCATGCGTTTCAAAGTTCGTATGGA,14,80.35,20.06,6,OSTIR.No.Spacing.dG,-3.575,14,4.386392092183521,10.323934259836314,7.688789033105387,4.113789033105387,5.835646286120187,2.534388980401202,4.386392092183521,1.904985881099363,-2.09083183857996,2.09083183857996,342.2858771932707
6,TTCTAGA AAAGTAAGGAGGCGCGGCTAAATCTTCTATGGC GAGCTCTGAAGACGTTATCAAAGAGTTCATGCGTTTCAAAGTTCGTATGGA,15,48.27,7.68,6,OSTIR.No.Spacing.dG,-2.975,15,3.8768102496724017,10.9674479555738,9.177405132588994,6.202405132588995,4.979748322212334,2.1626772176037927,3.8768102496724017,1.6836772988186919,-1.591203287660992,1.591203287660992,145.43777358998477
6,TTCTAGA AAAGTAAGGAGGCGCGGCTAAATCTTCTTATGGC GAGCTCTGAAGACGTTATCAAAGAGTTCATGCGTTTCAAAGTTCGTATGGA,16,50.67,6.72,6,OSTIR.No.Spacing.dG,-2.175,16,3.9253340194878183,10.04903719737853,10.792882473455872,8.617882473455872,3.98990526851536,1.732793841432933,3.9253340194878183,1.704750904290671,-0.09315662075604061,0.09315662075604061,54.049768905943246
6,TTCTAGA AAAGTAAGGAGGCGCGGCTAAATCTTCTTATC ATGGC GAGCTCTGAAGACGTTATCAAAGAGTTCATGCGTTTCAAAGTTCGTATGGA,19,22.6,4.07,6,OSTIR.No.Spacing.dG,-2.175,19,3.1179499062782403,12.01926674392103,16.400481944356113,14.225481944356112,1.6919564158080993,0.7348073350062614,3.1179499062782403,1.3541084391474008,2.057273737041216,2.057273737041216,5.43009384132292
