,Set,Sequence,Spacing,Fluorescence.Average,Fluorescence.Stdev,Fluorescence.NumMeasurements,Paper.Salis2009.Total.dG,OSTIR.ViennaRNA.Turner2004.No.Spacing.dG,dG,Fluorescence.Log.Average,spacing.deviation.dG,spacing.penalty.dG,total.dG,Log.Predicted.Translation.Initiation.Rate,Log10.Predicted.Translation.Initiation.Rate,Log.Measured.Translation.Initiation.Rate,Log10.Measured.Translation.Initiation.Rate,Log2.Translation.Initiation.Rate.Ratio,Abs.Log2.Translation.Initiation.Rate.Ratio,Predicted.Translation.Initiation.Rate
0,1.0,TTCTAGAAAAAAAATAAGGAGGTATGGCGAGCTCTGAAGACGTTATCAAAGAGTTCATGCGTTTCAAAGTTCGTATGGAA,0,101.28,54.34,5,4.104,-8.975,-8.975,4.617888958395866,14.862755231875141,17.208389273612863,8.233389273612863,3.9856271416778815,1.7309358745545338,4.617888958395866,2.00552369267328,0.9121609875224836,0.9121609875224836,53.81903105384663
1,1.0,TTCTAGAAAAAAAATAAGGAGGTAATGGCGAGCTCTGAAGACGTTATCAAAGAGTTCATGCGTTTCAAAGTTCGTATGGA,1,133.59,118.37,5,3.881,-8.975,-8.975,4.8947754080017205,14.170582576564012,17.184711234950647,8.209711234950648,3.9950989519386666,1.7350494294844274,4.8947754080017205,2.125773949850885,1.2979587615667252,1.2979587615667252,54.33121653703643
2,1.0,TTCTAGAAAAAAAATAAGGAGGTAAATGGCGAGCTCTGAAGACGTTATCAAAGAGTTCATGCGTTTCAAAGTTCGTATGG,2,247.7,119.81,5,1.554,-8.975,-8.975,5.512218336495314,12.627072188363876,16.44988196460573,7.47488196460573,4.289049119098634,1.86271036503654,5.512218336495314,2.3939260065858368,1.7646601641062243,1.7646601641062243,72.89711905505293
3,1.0,TTCTAGAAAAAAAATAAGGAGGTAAAATGGCGAGCTCTGAAGACGTTATCAAAGAGTTCATGCGTTTCAAAGTTCGTATG,3,24972.09,4944.5,5,-6.55,-8.975,-8.975,10.12551408021166,1.0945570753666107,5.259021114544366,-3.715978885455634,8.765674575234051,3.806884098183779,10.12551408021166,4.397454891469604,1.9618337102360996,1.9618337102360996,6410.384773844911
4,1.0,TTCTAGAAAAAAAATAAGGAGGTAAAAATGGCGAGCTCTGAAGACGTTATCAAAGAGTTCATGCGTTTCAAAGTTCGTAT,4,53933.01,15012.58,5,-8.07,-8.975,-8.975,10.895497999864824,-0.8302818431570955,0.0038324483233102,-8.97116755167669,10.867882052853659,4.719861205529728,10.895497999864824,4.73185465892921,0.03984138980246076,0.03984138980246076,52463.97658895408
5,1.0,TTCTAGAAAAAAAATAAGGAGGTAAAAAATGGCGAGCTCTGAAGACGTTATCAAAGAGTTCATGCGTTTCAAAGTTCGTA,5,46451.1,8331.8,5,-8.075,-8.975,-8.975,10.746155425339412,-0.4569488522960299,0.0,-8.975,10.869415128454662,4.7205270118035845,10.746155425339412,4.666996002899598,-0.17782616242581778,0.17782616242581778,52544.46951650049
6,1.0,TTCTAGAAAAAAAATAAGGAGGTAAAAAAATGGCGAGCTCTGAAGACGTTATCAAAGAGTTCATGCGTTTCAAAGTTCGT,6,42631.1,7131.28,5,-7.787,-8.975,-8.975,10.660339312851171,-0.24242204343984142,0.33985678432687566,-8.635143215673123,10.733463877470278,4.6614841336932225,10.660339312851171,4.629726538787566,-0.10549644674315022,0.10549644674315022,45865.288928694
7,1.0,TTCTAGAAAAAAAATAAGGAGGTAAAAAAAATGGCGAGCTCTGAAGACGTTATCAAAGAGTTCATGCGTTTCAAAGTTCG,7,35854.42,8226.27,5,-7.403,-8.975,-8.975,10.487222129920324,0.19034373603329513,0.8081550914733855,-8.166844908526613,10.546132790887633,4.58012727650144,10.487222129920324,4.554542701518064,-0.08499011843302694,0.08499011843302694,38030.083284472596
8,1.0,TTCTAGAAAAAAAATAAGGAGGTAAAAAAAAATGGCGAGCTCTGAAGACGTTATCAAAGAGTTCATGCGTTTCAAAGTTC,8,26956.07,5435.81,5,-6.923,-8.975,-8.975,10.20196378288719,0.903444820599379,1.4048949214395292,-7.57010507856047,10.307421868706726,4.476456440228235,10.20196378288719,4.430656575484731,-0.152143857433486,0.152143857433486,29954.1113738035
9,1.0,TTCTAGAAAAAAAATAAGGAGGTAAAAAAAAAATGGCGAGCTCTGAAGACGTTATCAAAGAGTTCATGCGTTTCAAAGTT,9,19885.6,4483.69,5,-6.347,-8.975,-8.975,9.897751130684192,1.6639286924332382,2.130076274225307,-6.844923725774692,10.017331110927556,4.350471624873609,9.897751130684192,4.298538699307816,-0.17251744448670103,0.17251744448670103,22411.536126656814
10,1.0,TTCTAGAAAAAAAATAAGGAGGTAAAAAAAAAAATGGCGAGCTCTGAAGACGTTATCAAAGAGTTCATGCGTTTCAAAGT,10,14258.87,3345.26,5,-5.675,-8.975,-8.975,9.565134448191678,2.4954181808114155,2.983699149830719,-5.991300850169281,9.675860517550127,4.202172830437562,9.565134448191678,4.1540851095123505,-0.15974395116056223,0.15974395116056223,15928.424834193005
11,1.0,TTCTAGAAAAAAAATAAGGAGGTAAAAAAAAAAAAATGGCGAGCTCTGAAGACGTTATCAAAGAGTTCATGCGTTTCAAA,12,5576.24,775.6,5,-4.043,-8.975,-8.975,8.626269993120983,4.842431925140846,5.0762694695004456,-3.898730530499554,8.838779824000483,3.8386333043212044,8.626269993120983,3.7463414574200447,-0.3065868791500059,0.3065868791500059,6896.572472146954
12,1.0,TTCTAGAAAAAAAATAAGGAGGTAAAAAAAAAAAAAAAATGGCGAGCTCTGAAGACGTTATCAAAGAGTTCATGCGTTTC,15,1223.54,370.41,5,-0.875,-9.475,-9.475,7.109503575441903,9.134109850536438,9.17843637015229,-0.296563629847709,7.3978225767643995,3.212833523188074,7.109503575441903,3.0876181718858575,-0.41595639340202395,0.41595639340202395,1632.426074913389
13,2.0,TTCTAGAGAAAGACAGGACCCACTAGTATGGCGAGCTCTGAAGACGTTATCAAAGAGTTCATGCGTTTCAAAGTTCGTATGGA,6,479.22,116.92,6,4.32,1.325,1.325,6.172159782157353,0.6773221791308497,0.33985678432687566,1.6648567843268756,6.6132051399182,2.8720784999606965,6.172159782157353,2.680534934816115,-0.6362939504486734,0.6362939504486734,744.8665984913124
14,2.0,TTCTAGAGAAAGAAGGGACAGACTAGTATGGCGAGCTCTGAAGACGTTATCAAAGAGTTCATGCGTTTCAAAGTTCGTATGGA,6,869.34,228.1,6,2.82,0.325,0.325,6.767734303060686,0.18847937676137955,0.33985678432687566,0.6648567843268757,7.013230260068888,3.0458072022648257,6.767734303060686,2.9391896628066054,-0.3541757997340239,0.3541757997340239,1111.23830220038
15,2.0,TTCTAGAGAAAGAAGAGACTCACTAGTATGGCGAGCTCTGAAGACGTTATCAAAGAGTTCATGCGTTTCAAAGTTCGTATGGA,8,100.92,26.5,6,7.5,3.325,3.325,4.614328123772857,2.571656759413381,1.4048949214395292,4.729894921439529,5.387112890853273,2.339593401887451,4.614328123772857,2.003977241845537,-1.1148927511414486,1.1148927511414486,218.57143414983165
16,2.0,TTCTAGAGAAAGAAGGGATACACTAGTATGGCGAGCTCTGAAGACGTTATCAAAGAGTTCATGCGTTTCAAAGTTCGTATGGA,6,480.03,135.34,6,2.72,1.425,1.425,6.173848601948893,0.5731003947816466,0.33985678432687566,1.7648567843268756,6.573202627903132,2.854705629730284,6.173848601948893,2.6812683799325097,-0.5761460728032236,0.5761460728032236,715.6581636614181
17,2.0,TTCTAGAGAAAGACGCGAGAAACTAGTATGGCGAGCTCTGAAGACGTTATCAAAGAGTTCATGCGTTTCAAAGTTCGTATGGA,6,171.33,50.73,6,5.32,1.925,1.925,5.143591521344882,2.6485813551171367,0.33985678432687566,2.264856784326876,6.373190067827789,2.76784127857822,5.143591521344882,2.233833414884434,-1.7739357252951677,1.7739357252951677,585.9239879852672
18,2.0,TTCTAGAGAAAGAAACGACATACTAGTATGGCGAGCTCTGAAGACGTTATCAAAGAGTTCATGCGTTTCAAAGTTCGTATGGA,6,12.53,5.78,6,8.22,6.325,6.325,2.528125768907977,4.786835131409169,0.33985678432687566,6.664856784326876,4.613079539164765,2.0034349884400533,2.528125768907977,1.09795107099415,-3.0079524648322153,3.0079524648322153,100.7940714739209
19,2.0,TTCTAGAaaatgtcaattttgctactggccttacaatATGGCGAGCTCTGAAGACGTTATCAAAGAGTTCATGCGTTTCAAAGTTCGTATGGA,5,44.77,13.9,6,7.92,7.625,7.625,3.8015382722528743,0.3035037874545443,0.0,7.625,4.228998133953256,1.836630553555048,3.8015382722528743,1.650987094383445,-0.6166942226542232,0.6166942226542232,68.64842118755635
20,2.0,TTCTAGAaacttccgttaatcagttataaggtggattATGGCGAGCTCTGAAGACGTTATCAAAGAGTTCATGCGTTTCAAAGTTCGTATGGA,5,3416.73,656.07,6,7.64,3.625,3.625,8.13643923231201,-6.5330680718981995,0.0,3.625,5.829098614556004,2.5315453627715625,8.13643923231201,3.5336106609342366,3.3287888668782677,3.3287888668782677,340.0520229411452
21,2.0,TTCTAGActttaatttaacgtaaataaggaagtcattATGGCGAGCTCTGAAGACGTTATCAAAGAGTTCATGCGTTTCAAAGTTCGTATGGA,4,11571.19,2173.26,6,1.63,2.025,2.025,9.356273667102773,-7.9824626557464775,0.0038324483233102,2.02883244832331,6.467605731196101,2.8088454801843126,9.356273667102773,4.063378024799436,4.167466905907514,4.167466905907514,643.9401140636719
22,2.0,TTCTAGAattaaagAGGAgaaatagcATGGCGAGCTCTGAAGACGTTATCAAAGAGTTCATGCGTTTCAAAGTTCGTATGGA,5,14259.93,2530.75,6,-1.78,-4.175,-4.175,9.565208785120333,-2.304767649839988,0.0,-4.175,8.949294551731365,3.886629240743767,9.565208785120333,4.154117393630267,0.8885764101231928,0.8885764101231928,7702.456259633517
23,2.0,TTCTAGAattaaagAGGAgatagcATGGCGAGCTCTGAAGACGTTATCAAAGAGTTCATGCGTTTCAAAGTTCGTATGGA,6,3318.63,880.53,6,-0.59,-0.875,-0.875,8.107307326144435,-1.960242879928749,0.33985678432687566,-0.5351432156731244,7.493260404249712,3.25428164502978,8.107307326144435,3.5209588348383347,0.8858824490906487,0.8858824490906487,1795.897909977732
24,2.0,TTCTAGAattaaagAGGAgaaattattagcATGGCGAGCTCTGAAGACGTTATCAAAGAGTTCATGCGTTTCAAAGTTCGTATGGA,9,4296.2,1066.04,6,-0.05,-4.175,-4.175,8.365486190039876,0.6943504921120196,2.130076274225307,-2.0449237257746926,8.097210534204258,3.516573853813791,8.365486190039876,3.6330844907721755,0.3870399582652802,0.3870399582652802,3285.2910746879193
25,2.0,TTCTAGAattaaagAGGAgaaattataatagcATGGCGAGCTCTGAAGACGTTATCAAAGAGTTCATGCGTTTCAAAGTTCGTATGGA,11,1651.71,333.59,6,1.39,-4.175,-4.175,7.409566393876943,3.0839999116355816,3.965763548255765,-0.20923645174423466,7.362889511851137,3.1976622858602757,7.409566393876943,3.217933798156533,0.06734050622279063,0.06734050622279063,1576.384971509983
26,2.0,TTCTAGAattaaTAAGGAGGaattaagcATGGCGAGCTCTGAAGACGTTATCAAAGAGTTCATGCGTTTCAAAGTTCGTATGGA,7,19196.38,2828.91,6,-5.1,-6.275,-6.275,9.862476998572992,-0.9478915150129534,0.8081550914733855,-5.466844908526615,9.466064966480777,4.111059780280292,9.862476998572992,4.283219338377996,0.5719016728481551,0.5719016728481551,12913.970211237789
27,2.0,TTCTAGAattaaTAAGGAGGaatagcATGGCGAGCTCTGAAGACGTTATCAAAGAGTTCATGCGTTTCAAAGTTCGTATGGA,5,13936.57,2290.59,6,-7.28,-7.675,-7.675,9.542271599518767,1.2525717132303278,0.0,-7.675,10.34938247225877,4.494679698808217,9.542271599518767,4.144155900493116,-1.164414853549565,1.164414853549565,31237.74668712141
28,2.0,TTCTAGAattaaTAAGGAGGaattattagcATGGCGAGCTCTGAAGACGTTATCAAAGAGTTCATGCGTTTCAAAGTTCGTATGGA,9,8857.82,1238.56,6,-3.25,-5.675,-5.675,9.089055963662544,0.38553965205751695,2.130076274225307,-3.5449237257746926,8.697248214430289,3.777166907269984,9.089055963662544,3.9473268507284853,0.5652590967992408,0.5652590967992408,5986.41619720972
29,2.0,TTCTAGAattaaTGAGGAAAaattaagcATGGCGAGCTCTGAAGACGTTATCAAAGAGTTCATGCGTTTCAAAGTTCGTATGGA,7,2511.95,592.92,6,2.3,0.625,0.625,7.828814622931394,-2.7640548427671474,0.8081550914733855,1.4331550914733855,6.705891637441036,2.912331734381804,7.828814622931394,3.400010990582591,1.6200354224671685,1.6200354224671685,817.2063533441105
30,2.0,TTCTAGAattaaATAGGACAaattaagcATGGCGAGCTCTGAAGACGTTATCAAAGAGTTCATGCGTTTCAAAGTTCGTATGGA,7,1436.8,261.32,6,4.2,2.525,2.525,7.270173697547935,-3.2675402309522132,0.8081550914733855,3.3331550914733854,5.94584390915473,2.582247200003959,7.270173697547935,3.1573963193232286,1.9106040182164066,1.9106040182164066,382.16173503824535
31,2.0,TTCTAGAattaaTTAGGAGCaattaagcATGGCGAGCTCTGAAGACGTTATCAAAGAGTTCATGCGTTTCAAAGTTCGTATGGA,7,5632.93,1086.15,6,2.7,0.525,0.525,8.636385012046686,-4.682854034205638,0.8081550914733855,1.3331550914733854,6.745894149456104,2.929704604612216,8.636385012046686,3.7507343543238245,2.727401792305331,2.727401792305331,850.5593139141513
32,2.0,TTCTAGAattaaGGAGGATAaattaagcATGGCGAGCTCTGAAGACGTTATCAAAGAGTTCATGCGTTTCAAAGTTCGTATGGA,10,1572.63,293.86,6,-4.68,-7.175,-7.175,7.360504656063745,6.206646553913238,2.983699149830719,-4.191300850169281,8.95581530127889,3.88946116629013,7.360504656063745,3.196626556151677,-2.3015467565292607,2.3015467565292607,7752.846159211971
33,2.0,TTCTAGAattaaGAAGGACTaattaagcATGGCGAGCTCTGAAGACGTTATCAAAGAGTTCATGCGTTTCAAAGTTCGTATGGA,7,903.1,173.87,6,1.1,-0.675,-0.675,6.8058332892567535,1.093237892472303,0.8081550914733855,0.13315509147338545,7.225924293636929,3.1381790473771707,6.8058332892567535,2.9557358422776656,-0.6060632087413431,0.6060632087413431,1374.608570588197
34,2.0,TTCTAGAattaaTGAGGATAaattaagcATGGCGAGCTCTGAAGACGTTATCAAAGAGTTCATGCGTTTCAAAGTTCGTATGGA,7,2985.88,697.9,6,2.5,0.825,0.825,8.001649789749733,-3.396115626233027,0.8081550914733855,1.6331550914733854,6.6258866134108985,2.877585993920978,8.001649789749733,3.475072349810624,1.9848067119416848,1.9848067119416848,754.372753141994
35,2.0,TTCTAGAattaaTCAGGATCaattaagcATGGCGAGCTCTGAAGACGTTATCAAAGAGTTCATGCGTTTCAAAGTTCGTATGGA,7,1103.53,169.22,6,3.5,1.525,1.525,7.006269411552898,-1.607820946584208,0.8081550914733855,2.3331550914733854,6.345869029305417,2.7559759023080876,7.006269411552898,3.042784144164967,0.9527563564696165,0.9527563564696165,570.1326364613516
36,2.0,TTCTAGAattaaACAGGATAataagcATGGCGAGCTCTGAAGACGTTATCAAAGAGTTCATGCGTTTCAAAGTTCGTATGGA,5,2130.93,406.17,6,1.62,0.425,0.425,7.664313783131128,-2.152828568431427,0.0,0.425,7.109178999038204,3.087477210144775,7.664313783131128,3.328569183588885,0.8008902000358264,0.8008902000358264,1223.1429322299189
37,2.0,TTCTAGAattaaagaggagaaattaagcATGGCGAGCTCTGAAGACGTTATCAAAGAGTTCATGCGTTTCAAAGTTCGTATGGA,7,11640.4,2245.2,6,-1.1,-4.175,-4.175,9.36223708495616,-1.7973702641765197,0.8081550914733855,-3.3668449085266143,8.626012214164334,3.746229505441621,9.36223708495616,4.065967904266445,1.0621479700704854,1.0621479700704854,5574.8027479254015
38,2.0,TTCTAGAtcacacaggaaaccggttcgATGGCGAGCTCTGAAGACGTTATCAAAGAGTTCATGCGTTTCAAAGTTCGTATGGA,7,561.87,128.14,6,3.6,1.125,1.125,6.331270506409872,0.47957034746441995,0.8081550914733855,1.9331550914733855,6.505879077365692,2.825467383229739,6.331270506409872,2.749635844370614,-0.25190691941466964,0.25190691941466964,669.0635695519168
39,2.0,TTCTAGAtcacacaggaaaggcctcgATGGCGAGCTCTGAAGACGTTATCAAAGAGTTCATGCGTTTCAAAGTTCGTATGGA,6,283.84,178.39,6,6.31,4.325,4.325,5.648410699121214,-1.0133873372144113,0.33985678432687566,4.664856784326876,5.413129779466139,2.3508923930483108,5.648410699121214,2.453073598151632,0.33943861600217157,0.33943861600217157,224.33260166900908
40,2.0,TTCTAGAtcacacaggacggccggATGGCGAGCTCTGAAGACGTTATCAAAGAGTTCATGCGTTTCAAAGTTCGTATGGA,4,104.01,29.42,6,3.23,2.225,2.225,4.644487048365042,3.5962641826151454,0.0038324483233102,2.22883244832331,6.387600707165963,2.7740997397234866,4.644487048365042,2.017075096376059,-2.514781431257906,2.514781431257906,594.428658951251
41,3.0,TTCTAGAAACAAAATGAGGAGGTACTGAGATGGCGAGCTCTGAAGACGTTATCAAAGAGTTCATGCGTTTCAAAGTTCGT,6,30707.12,7456.48,6,-7.09,-9.075,-9.075,10.332249828509683,0.6777501602905112,0.33985678432687566,-8.735143215673123,10.773466389485346,4.6788570039236355,10.332249828509683,4.487239086167575,-0.6365409444776721,0.6365409444776721,47737.20679486373
42,3.0,TTCTAGAAAGCTGATAAGGAGGTATAACGATGGCGAGCTCTGAAGACGTTATCAAAGAGTTCATGCGTTTCAAAGTTCGT,6,32060.02,8372.3,6,-6.89,-8.475,-8.475,10.375365049993668,-0.030031124714151147,0.33985678432687566,-8.135143215673123,10.533451317394935,4.574619782541158,10.375365049993668,4.505963788944106,-0.22807027401245367,0.22807027401245367,37550.8509002504
43,3.0,TTCTAGAACAACTTAAGGAGGTATTCATGGCGAGCTCTGAAGACGTTATCAAAGAGTTCATGCGTTTCAAAGTTCGTATG,4,54989.62,11630.66,6,-6.47,-7.575,-7.575,10.914899719130648,-2.27878309542474,0.0038324483233102,-7.57116755167669,10.307846884642696,4.476641022303948,10.914899719130648,4.740280718545794,0.8757921138733571,0.8757921138733571,29966.84505430209
44,3.0,TTCTAGAAAAGTAAGGAGGTGCGGCTATGGCGAGCTCTGAAGACGTTATCAAAGAGTTCATGCGTTTCAAAGTTCGTATG,6,35444.23,8772.47,6,-6.09,-7.575,-7.575,10.47571575425572,-1.180892131203568,0.33985678432687566,-7.235143215673125,10.173428709259316,4.418263950467442,10.47571575425572,4.54954554606022,0.43610802074129185,0.43610802074129185,26197.74740800621
45,3.0,TTCTAGACTGGTGAGGAGGTGAGAATGGCGAGCTCTGAAGACGTTATCAAAGAGTTCATGCGTTTCAAAGTTCGTATGGA,4,13299.53,3445.31,6,-5.37,-6.375,-6.375,9.495483975239566,0.06953342868853785,0.0038324483233102,-6.37116755167669,9.827816740461873,4.2681665795389945,9.495483975239566,4.1238362934472965,-0.47945483231113967,0.47945483231113967,18542.427069731064
46,3.0,TTCTAGAAAAGTAAGGAGGCGCGGCTATGGCGAGCTCTGAAGACGTTATCAAAGAGTTCATGCGTTTCAAAGTTCGTATG,6,10933.48,3349.66,6,-4.89,-6.275,-6.275,9.299584920248297,0.45925031176196907,0.33985678432687566,-5.935143215673125,9.653396053063423,4.192416637472075,9.299584920248297,4.038758414854527,-0.5104415667236891,0.5104415667236891,15574.590529408637
47,3.0,TTCTAGACACAGAAAAAGGAGGGTCGCGATGGCGAGCTCTGAAGACGTTATCAAAGAGTTCATGCGTTTCAAAGTTCGTA,5,20289.53,4046.52,6,-4.38,-5.175,-5.175,9.917860268431312,-2.186340994979255,0.0,-5.175,9.349319671882052,4.0603579430478955,9.917860268431312,4.307271986867223,0.8202306991856707,0.8202306991856707,11491.003132727614
48,3.0,TTCTAGAAGGAGGTTTGGAATGGCGAGCTCTGAAGACGTTATCAAAGAGTTCATGCGTTTCAAAGTTCGTATGGAAGGTT,5,573.31,198.85,6,-3.68,-4.575,-4.575,6.3514265826367975,6.129183321221337,0.0,-4.575,9.10930459979164,3.956120721665419,6.3514265826367975,2.758389517052789,-3.978776938725979,3.978776938725979,9039.006978049492
49,3.0,TTCTAGATGGGGAGTGTAAAATGGCGAGCTCTGAAGACGTTATCAAAGAGTTCATGCGTTTCAAAGTTCGTATGGAAGGT,4,1323.67,512.55,6,-3.37,-4.075,-4.075,7.188163460717337,3.53747248624841,0.0038324483233102,-4.07116755167669,8.907758964115292,3.8685905642394975,7.188163460717337,3.1217797260081213,-2.480851905087191,2.480851905087191,7389.083328636436
50,3.0,TTCTAGAGGGGGTTAACAAGATGGCGAGCTCTGAAGACGTTATCAAAGAGTTCATGCGTTTCAAAGTTCGTATGGAAGGT,7,654.43,229.76,6,-3.3,-6.775,-6.775,6.4837646277585375,7.998358984309973,0.8081550914733855,-5.966844908526615,9.666077526556121,4.197924131432356,6.4837646277585375,2.8158631997950243,-4.591107037652256,4.591107037652256,15773.356948111632
51,3.0,TTCTAGAAGCGAGGAGGCAGTCGATGGCGAGCTCTGAAGACGTTATCAAAGAGTTCATGCGTTTCAAAGTTCGTATGGAA,5,4263.52,2492.0,6,-2.58,-5.375,-5.375,8.35785038915269,1.913438795577337,0.0,-5.375,9.42932469591219,4.095103683508722,8.35785038915269,3.6297683045819586,-1.5458106688018705,1.5458106688018705,12448.11762785728
52,3.0,TTCTAGATAGGGGGCGGTACATGGCGAGCTCTGAAGACGTTATCAAAGAGTTCATGCGTTTCAAAGTTCGTATGGAAGGT,5,555.22,223.49,6,-2.38,-2.875,-2.875,6.319364431598535,4.509333665345188,0.0,-2.875,8.429261895535472,3.6607819277484,6.319364431598535,2.744465101778923,-3.0439386080060196,3.0439386080060196,4579.118977145763
53,3.0,TTCTAGAGATAAGTGAAGGAGGCCCGGCCATGGCGAGCTCTGAAGACGTTATCAAAGAGTTCATGCGTTTCAAAGTTCGT,6,7748.59,2110.48,6,-2.29,-4.075,-4.075,8.955266170311253,-0.8800068683687678,0.33985678432687566,-3.7351432156731246,8.773340788731911,3.810213492402992,8.955266170311253,3.8892226817410434,0.2624628458163491,0.2624628458163491,6459.717006229749
54,3.0,TTCTAGAGGAGGATAACCACTATGGCGAGCTCTGAAGACGTTATCAAAGAGTTCATGCGTTTCAAAGTTCGTATGGAAGG,8,2279.12,588.68,6,-2.12,-5.675,-5.675,7.7315446825325775,3.7791047377166365,1.4048949214395292,-4.270105078560471,8.987338972209457,3.9031517226246097,7.7315446825325775,3.357767192212327,-1.8117281940935128,1.8117281940935128,8001.137293211954
55,3.0,TTCTAGAGATAAGTGAAGGAGGCCGGCCATGGCGAGCTCTGAAGACGTTATCAAAGAGTTCATGCGTTTCAAAGTTCGTA,5,7532.66,2615.49,6,-0.98,-2.075,-2.075,8.927003512066616,-2.8093546597424925,0.0,-2.075,8.10924179941492,3.5217989659050963,8.927003512066616,3.8769483652214802,1.1797807674714658,1.1797807674714658,3325.056014502331
56,3.0,TTCTAGAACACTAAGGAGACCAACTTGCATGGCGAGCTCTGAAGACGTTATCAAAGAGTTCATGCGTTTCAAAGTTCGTA,4,4170.16,1587.94,6,-0.82,-4.0245,-4.0245,8.335709683361321,0.6182870841623851,0.0038324483233102,-4.02066755167669,8.887557695547683,3.859817264773139,8.335709683361321,3.620152718231324,-0.7961483905056964,0.7961483905056964,7241.312080493319
57,3.0,TTCTAGAAAGTTAAGAGGCAAGAATGGCGAGCTCTGAAGACGTTATCAAAGAGTTCATGCGTTTCAAAGTTCGTATGGAA,4,1951.08,1283.65,6,0.63,-0.875,-0.875,7.576138344395464,-0.6324038143498625,0.0038324483233102,-0.8711675516766898,7.627678579633094,3.312658716866286,7.576138344395464,3.290275077106588,-0.07435684178357871,0.07435684178357871,2054.275642996724
58,3.0,TTCTAGATTAACTGGGGGCTATCATGGCGAGCTCTGAAGACGTTATCAAAGAGTTCATGCGTTTCAAAGTTCGTATGGAA,4,2492.47,609.77,6,1.43,1.225,1.225,7.821029465655234,-3.3445931717770168,0.0038324483233102,1.2288324483233102,6.787625827316651,2.9478284420276157,7.821029465655234,3.396629939736806,1.4908863042676852,1.4908863042676852,886.8056308205385
59,3.0,TTCTAGATGAGAATAAGGTTATGGCGAGCTCTGAAGACGTTATCAAAGAGTTCATGCGTTTCAAAGTTCGTATGGAAGGT,4,315.52,136.33,6,2.63,2.025,2.025,5.7542220714142704,1.0221008434948469,0.0038324483233102,2.02883244832331,6.467605731196101,2.8088454801843126,5.7542220714142704,2.499026893261117,-1.029195068218466,1.029195068218466,643.9401140636719
60,3.0,TTCTAGATAAGCAGGACCGGCGGCGATGGCGAGCTCTGAAGACGTTATCAAAGAGTTCATGCGTTTCAAAGTTCGTATGG,6,163.18,46.07,6,3.11,1.625,1.625,5.094853886000654,3.070417792103565,0.33985678432687566,1.9648567843268756,6.493197603872995,2.819959889269458,5.094853886000654,2.212666928793423,-2.017383547232662,2.017383547232662,660.6324302553203
61,3.0,TTCTAGAAACCTCAAGGAATTCCCTATGGCGAGCTCTGAAGACGTTATCAAAGAGTTCATGCGTTTCAAAGTTCGTATGG,4,1633.61,483.36,6,3.13,1.725,1.725,7.3985475688412246,-2.7884547556323938,0.0038324483233102,1.7288324483233102,6.5876132672413075,2.8609640908755516,7.3985475688412246,3.213148383246463,1.1699308954049554,1.1699308954049554,726.045922706733
62,3.0,TTCTAGAGGCGACAGGCGGATCTATCCCATGGCGAGCTCTGAAGACGTTATCAAAGAGTTCATGCGTTTCAAAGTTCGTA,5,304.04,130.63,6,4.08,4.825,4.825,5.71715927169784,-1.6852479757431325,0.0,4.825,5.3490684703751805,2.3230709200066086,5.71715927169784,2.4829307238603855,0.5310427736650454,0.5310427736650454,210.4122013470177
63,3.0,TTCTAGAATAAAAAGGGACGCTAATGGCGAGCTCTGAAGACGTTATCAAAGAGTTCATGCGTTTCAAAGTTCGTATGGAA,6,206.18,93.27,6,4.31,2.525,2.525,5.328749573668238,1.5857152924718485,0.33985678432687566,2.8648567843268755,6.1331749957373765,2.6636040571957422,5.328749573668238,2.3142465352884214,-1.1605405671841569,1.1605405671841569,460.89718668001643
64,3.0,TTCTAGAATAGAGTCGACGCATGGCGAGCTCTGAAGACGTTATCAAAGAGTTCATGCGTTTCAAAGTTCGTATGGAAGGT,5,63.31,35.14,6,4.72,3.425,3.425,4.148043294556035,3.637295629895254,0.0,3.425,5.909103638586142,2.5662911032323885,4.148043294556035,1.801472313521471,-2.5406730250384473,2.5406730250384473,368.37580951537086
65,3.0,TTCTAGAGAGTAATATTTCACATGGCGAGCTCTGAAGACGTTATCAAAGAGTTCATGCGTTTCAAAGTTCGTATGGAAGG,6,101.61,30.33,6,6.75,5.325,5.325,4.62114195549779,0.5546232498118693,0.33985678432687566,5.664856784326876,5.013104659315452,2.177163690744182,4.62114195549779,2.0069364513642927,-0.565482649011171,0.565482649011171,150.3708624918961
66,3.0,TTCTAGACGAGCTGGTACTTAAAAACATGGCGAGCTCTGAAGACGTTATCAAAGAGTTCATGCGTTTCAAAGTTCGTATG,10,115.85,42.73,6,6.92,1.725,1.725,4.752296250878385,3.8267581014152134,2.983699149830719,4.70869914983072,5.395591731937774,2.3432757157833843,4.752296250878385,2.063896038125994,-0.9280792003506605,0.9280792003506605,220.43254548953425
67,3.0,TTCTAGATTCGCAGGGGGAAGATGGCGAGCTCTGAAGACGTTATCAAAGAGTTCATGCGTTTCAAAGTTCGTATGGAAGG,8,79.07,26.33,6,7.95,3.425,3.425,4.3703335360828355,3.0816049236639422,1.4048949214395292,4.829894921439529,5.347110378838205,2.3222205316570386,4.3703335360828355,1.8980117387975013,-1.4091911070983505,1.4091911070983505,210.00059810620638
68,3.0,TTCTAGATTTCTCCCATAATAACTCGAACCATTACCGAGCTATGGCGAGCTCTGAAGACGTTATCAAAGAGTTCATGCGTTTCAAAGTTCGTATGGAAGG,11,4.14,8.17,6,14.59,10.525,10.525,1.4206957878372228,3.355236227454318,3.965763548255765,14.490763548255766,1.482520245636036,0.6438503619895838,1.4206957878372228,0.6170003411208989,-0.08919383867199678,0.08919383867199678,4.404030946028478
69,3.0,TTCTAGAGGGAACGATTTAGGCCAATTATTAAAACCGACCCCATGGCGAGCTCTGAAGACGTTATCAAAGAGTTGAAGACGTTATCAAAGAGTTCATGCGTTTCAAAGTTCGTATGGAAGG,16,5.61,0.63,6,16.22,4.725,4.725,1.724550719534605,8.395646600725572,10.802708382675506,15.527708382675506,1.067716263657645,0.46370328154487267,1.724550719534605,0.7489628612561614,0.9476118121786911,0.9476118121786911,2.908729138587526
70,4.1,TTCTAGATTAGGCCTGATCTAAGCCATTAACTTTAGTTATGGCTGAAGCGCAAAACGATCCCCTGGCGAGCTCTGAAGACGTT,10,0.3,1.36,6,14.52,11.225,11.225,-1.2039728043259361,9.216495658298216,2.983699149830719,14.208699149830718,1.5953530905062463,0.6928530438941618,-1.2039728043259361,-0.5228787452803376,-4.038573586306449,4.038573586306449,4.930069525576862
71,4.1,TTCTAGACCAGTCGCGTACCGCTATTGGTCCAGCTACAATGGCTGAAGCGCAAAACGATCCCCTGGCGAGCTCTGAAGACGTT,3,1.12,3.4,6,13.15,11.825,11.825,0.11332868530700327,5.323448738802959,5.259021114544366,17.084021114544363,0.4451520760997605,0.1933270902579024,0.11332868530700327,0.049218022670181646,-0.4787199603476714,0.4787199603476714,1.5607275271411158
72,4.1,TTCTAGATTCTAaaggaggAGTCCGGGATGGCTGAAGCGCAAAATGATCCCCTGATGGCGAGCTCTGAAGACGTT,7,3457.99,39.94,6,-2.8,-4.675,-4.675,8.148442774394058,1.7369249573457517,0.8081550914733855,-3.8668449085266143,8.826024774239677,3.833093856593685,8.148442774394058,3.538823733023763,-0.9775441909729018,0.9775441909729018,6809.16497560301
73,4.1,TTCTAGAAAAGGAAGTAAAGGGGATATTAATGGCTGAAGCGCAAAACGATCCCGCCGCGAGCTCTGAAGACGTT,4,5200.8,1123.33,6,-0.17,-1.575,-1.575,8.556567738890259,-2.3833233819146997,0.0038324483233102,-1.5711675516766899,7.907696163738574,3.434268808479176,8.556567738890259,3.7160701530314233,0.9361238036451452,0.9361238036451452,2718.1211413162605
74,4.1,TTCTAGACGTAAATAACAATTCATTCAGTCTGAAGCTAATCAATGGCTGAAGCGCAAAACGATCCCCTGGCGAGCTCTGAAGACGTT,5,9.03,2.34,6,6.21,6.225,6.225,2.200552367428894,5.705717209003918,0.0,6.225,4.789033302164219,2.0798507367808283,2.200552367428894,0.9556877503135057,-3.734388607978282,3.734388607978282,120.18512978347611
75,4.1,TTCTAGAAATATTAACCGAAAGACGGAAAACCACTTCCCCATGGCTGAAGCGCAAAACGATCCCCTGGCGAGCTCTGAAGACGTT,10,609.67,163.02,6,2.92,0.225,0.225,6.412917827176371,1.1754648634494589,2.983699149830719,3.208699149830719,5.9956294121638045,2.6038687692395777,6.412917827176371,2.785094825241689,0.6020199269590456,0.6020199269590456,401.6694200638126
76,4.1,TTCTAGACTGACACAATATACGTAGAATTGGACACCACTATGGCTGAAGCGCAAAACGATCCCCTGGCGAGCTCTGAAGACGTT,4,1623.96,197.27,6,-0.87,-0.575,-0.575,7.392622889876415,-0.47364398834213417,0.0038324483233102,-0.5711675516766898,7.507671043587887,3.260540106175047,7.392622889876415,3.2105753278649973,-0.16597940082297286,0.16597940082297286,1821.9653199593213
77,4.1,TTCTAGATATACCTATAAATCTAAGGACCTATTTTTATCTATGGCTGAAGCGCAAAACGATCCCCTGGCGAGCTCTGAAGACGTT,10,3013.96,598.95,6,-4.38,-5.275,-5.275,8.011010107698242,2.6804850483821485,2.983699149830719,-2.2913008501692813,8.195767572992585,3.559376631912286,8.011010107698242,3.4791374842445215,-0.2665486789473633,0.2665486789473633,3625.5728159292107
78,4.1,TTCTAGATACCCACTTAAGGAGAGTAATATATCATGGCTGAAGCGCAAAACGATCCCCTGGCGAGCTCTGAAGACGTT,9,32070.51,2401.42,6,-5.55,-6.875,-6.875,10.375692195273569,-1.6308489365550098,2.130076274225307,-4.744923725774693,9.177278358611114,3.9856413500349386,10.375692195273569,4.5061058663339475,1.7289456990856404,1.7289456990856404,9674.785611274901
79,4.1,TTCTAGACTGAAATTTACTTTGTAATAAGAGAGGAATATATGGCTGAAGCGCAAAACGATCCCCTGGCGAGCTCTGAAGACGTT,5,46676.76,1741.89,6,-6.78,-6.375,-6.375,10.751001675251235,-3.069063716257567,0.0,-6.375,9.829349816062876,4.26883238581285,10.751001675251235,4.6691007024942275,1.329662566677138,1.329662566677138,18570.87581372072
80,4.1,TTCTAGAACAACAACAAATAAGGAGTAAATAGATGGCTGAAGCGCAAAACGATCCCCTGGCGAGCTCTGAAGACGTT,5,44658.2,1113.66,6,-8.38,-8.675,-8.675,10.706793220058836,-0.6585495186098154,0.0,-8.675,10.749407592409458,4.668408401112346,10.706793220058836,4.6499012143507015,-0.06147954366083786,0.06147954366083786,46602.41265143431
81,4.1,TTCTAGAACCCCACGACTAAACTATAAAATAAGGAGGTACGCATGGCTGAAGCGCAAAACGATCCCCTGGCGAGCTCTGAAGACGTT,4,69547.59,3546.5,6,-8.57,-9.075,-9.075,11.149766545421238,-1.365913289153868,0.0038324483233102,-9.07116755167669,10.907884564868727,4.737234075760141,11.149766545421238,4.842282085185926,0.34896193382350893,0.34896193382350893,54605.2092596968
82,4.2,TTCTAGAGGTATTACGTTTCAGGCCAGCGTCACCCAGATCGATGTCCAGATTAGATAAAAGTAAAGTTGCGAGCTCTGAAGACG,4,680.37,195.99,6,13.1,2.2755,2.2755,6.52263676783888,-1.1493152633115262,0.0038324483233102,2.27933244832331,6.367399438598354,2.7653264402571285,6.52263676783888,2.832745155731687,0.22396012505615417,0.22396012505615417,582.5409239023251
83,4.2,TTCTAGACGTTACCACGTCGGCCGAAAATCGTTTCAGCTGCCATGTCCAGATTAGATAAAAGTAAAGTTGCGAGCTCTGAAGACG,4,212.48,45.62,6,16.47,3.3755,3.3755,5.358847866288069,0.6599742860858178,0.0038324483233102,3.3793324483233103,5.927371806432598,2.5742248677225867,5.358847866288069,2.3273180576879233,-0.8202066690731662,0.8202066690731662,375.16720493889875
84,4.2,TTCTAGAGTGCAtaaggagTGCTCGATGTCCAGATTAGATAAAAGTAAAGTGATGGCGAGCTCTGAAGACG,4,30901.02,1420.73,6,-4.47,-4.775,-4.775,10.338544472049767,-3.637985460356793,0.0038324483233102,-4.77116755167669,9.187776548220773,3.9902006558523877,10.338544472049767,4.489972815122582,1.6602071769221778,1.6602071769221778,9776.88835428901
85,4.2,TTCTAGATTGATAGATAAGGACAAAGTTATGTCCAGATTAGATAAAAGTAAAGTTGCGAGCTCTGAAGACG,4,12548.3,1437.77,6,-0.77,-1.275,-1.275,9.437340477217314,-4.885116954266538,0.0038324483233102,-1.2711675516766898,7.787688627693369,3.3821501977879374,9.437340477217314,4.09858489309768,2.379944542501502,2.379944542501502,2410.73902219965
86,4.2,TTCTAGAGTCAAGGACCTCTTGGCGGTTATCTTAAGGCACAATGTCCAGATTAGATAAAAGTAAAGTTGCGAGCTCTGAAGACG,5,328.15,56.1,6,0.65,4.725,4.725,5.793470820919731,-1.776014868565126,0.0,4.725,5.389070982390249,2.3404437902370216,5.793470820919731,2.5160724085929416,0.5834256415827813,0.5834256415827813,218.9998363137121
87,4.2,TTCTAGATGACCACCATAGGTTGGATACAAATACCACAGGATGTCCAGATTAGATAAAAGTAAAGTTGCGAGCTCTGAAGACG,12,2502.82,507.78,6,3.36,0.025,0.025,7.825173375142304,-2.1549522949378557,5.0762694695004456,5.101269469500446,5.238553742644298,2.275074983584046,7.825173375142304,3.3984296167605472,3.7317033164709073,3.7317033164709073,188.39743410405654
88,4.2,TTCTAGATAAGAAAACCACCCTACAAAGAAAACCCTAATTAGATGTCCAGATTAGATAAAAGTAAAGTTGCGAGCTCTGAAGACG,9,1684.75,325.15,6,1.15,-1.275,-1.275,7.4293724638263265,0.13448784613848885,2.130076274225307,0.8550762742253073,6.937137685767265,3.0127606171318173,7.4293724638263265,3.2265354650437397,0.7101446732588875,0.7101446732588875,1029.8183287033578
89,4.2,TTCTAGACTAGATTAGAAAGGAGGTACCACACCACAAAAGTAATGTCCAGATTAGATAAAAGTAAAGTTGCGAGCTCTGAAGACG,17,806.69,493.62,6,-3.38,-13.075,-13.075,6.69293945568412,13.775454753078725,12.555421918018357,-0.519578081981642,7.487033959774616,3.2515775345523683,6.69293945568412,2.9067066733161666,-1.1456362030485392,1.1456362030485392,1784.7505914520516
90,4.2,TTCTAGATTAGACCTGACTAACAAGAGGTAGGGGGATCATATGTCCAGATTAGATAAAAGTAAAGTTGCGAGCTCTGAAGACG,4,59602.62,26031.95,6,-4.77,-5.675,-5.675,10.995454811818783,-4.3801581807138605,0.0038324483233102,-5.67116755167669,9.547799156356392,4.146556487926103,10.995454811818783,4.775265350789455,2.0885256350504537,2.0885256350504537,14013.818483802299
91,4.2,TTCTAGAAGAACAATACAGGAGGACAATTCGCCCTATGTCCAGATTAGATAAAAGTAAAGTTGCGAGCTCTGAAGACG,11,81224.76,27649.64,6,-5.31,-8.675,-8.675,11.304975405777625,-2.1539110736378024,3.965763548255765,-4.7092364517442356,9.163002552529228,3.9794414462288548,11.304975405777625,4.909688436781198,3.090213613100246,3.090213613100246,9537.65142748412
92,4.2,TTCTAGATAAGTCATTCACAGAACAAACACGAGGTATCATATGTCCAGATTAGATAAAAGTAAAGTTGCGAGCTCTGAAGACG,5,21715.27,1508.97,6,-7.68,-7.575,-7.575,9.985770978693143,0.043892890742098345,0.0,-7.575,10.309379960243701,4.477306828577805,9.985770978693143,4.336765233596066,-0.46686907287011853,0.46686907287011853,30012.821727146616
93,5.0,TTCTAGAACGACTATTTTTTCCACTATTGAGGTATAAATGGCGAGCTCTGAAGACGTTATCAAAGAGTTCATGCGTTTCAAAGT,4,2575.02,714.25,6,2.03,1.425,1.425,7.853612580057965,-3.6260458425254374,0.0038324483233102,1.4288324483233101,6.707620803286513,2.9130827015667897,7.853612580057965,3.4107806065251345,1.653316653247706,1.653316653247706,818.6206610929471
94,5.0,TTCTAGAACGACTATTTTTTCCACTATTGAGGTATAAGTGAAACCAGTAACGTTATACGGCGTCGCGAGCTCTGAAGACGTTAT,4,6094.22,2342.94,6,-0.25,-0.3558,-0.3558,8.715096059977059,-3.9988192970989354,0.0038324483233102,-0.3519675516766898,7.419985537250857,3.222458774629982,8.715096059977059,3.784918128104808,1.868449528540205,1.868449528540205,1669.0093691063744
95,5.0,TTCTAGAACACTTTACTTTTTAATTAGCAGGAGATTTAAAAAATGGCGAGCTCTGAAGACGTTATCAAAGAGTTCATGCGTTTC,7,17795.97,2946.19,6,-1.2,-2.275,-2.275,9.786727306152429,-4.758529175987773,0.8081550914733855,-1.4668449085266144,7.865964485878028,3.4161449710637766,9.786727306152429,4.250321664953876,2.771074995533777,2.771074995533777,2607.0236506666597
96,5.0,TTCTAGAACACTTTACTTTTTAATTAGCAGGAGATTTAAAAAGTGAAACCAGTAACGTTATACGGCGTCGCGAGCTCTGAAGAC,7,12708.84,2285.45,6,3.82,2.3442,2.3442,9.45005309329932,-8.536096498704193,0.8081550914733855,3.1523550914733853,6.018168450877974,2.6136573493805453,9.45005309329932,4.104105912112651,4.95116295452427,4.95116295452427,410.8254592248049
97,5.0,TTCTAGATTCACGTCAACATTTAAGGAGGATATCGACATGGCGAGCTCTGAAGACGTTATCAAAGAGTTCATGCGTTTCAAAGT,7,31160.84,4973.79,6,-6.0,-6.275,-6.275,10.346917457259332,-2.1589166088966927,0.8081550914733855,-5.466844908526615,9.466064966480777,4.111059780280292,10.346917457259332,4.493609156396153,1.2708015202009122,1.2708015202009122,12913.970211237789
98,5.0,TTCTAGATTCACGTCAACATTTAAGGAGGATATCGACGTGAAACCAGTAACGTTATACGGCGTCGCGAGCTCTGAAGACGTTAT,7,1453.09,229.1,6,0.32,-1.3558,-1.3558,7.281447602464143,0.585076776659806,0.8081550914733855,-0.5476449085266144,7.498261395435517,3.2564535479058216,7.281447602464143,3.1622925140178397,-0.31279618391612773,0.31279618391612773,1804.901674704882
99,5.0,TTCTAGACAGAAAAAATAGAATAAGGAGGTTTCACTATCATGGCGAGCTCTGAAGACGTTATCAAAGAGTTCATGCGTTTCAAA,9,8099.68,1836.08,6,-7.35,-9.475,-9.475,8.999579833707301,4.409215929991106,2.130076274225307,-7.344923725774692,10.2173436710029,4.437335976025674,8.999579833707301,3.9084678612268653,-1.7568618490402763,1.7568618490402763,27373.855855237776
100,5.0,TTCTAGACAGAAAAAATAGAATAAGGAGGTTTCACTATCGTGAAACCAGTAACGTTATACGGCGTCGCGAGCTCTGAAGACGTT,9,2820.32,510.36,6,0.27,-2.3558,-2.3558,7.944605632671643,-0.07271418896178528,2.130076274225307,-0.22572372577469269,7.369484835626128,3.20052659858212,7.944605632671643,3.450298387166787,0.8297239218096725,0.8297239218096725,1586.8161013190002
101,5.0,TTCTAGATTCCCCCGGAAACCAATAAAAGAAGGCCATCGTCATGGCGAGCTCTGAAGACGTTATCAAAGAGTTCATGCGTTTCA,7,231.71,41.81,6,5.8,4.825,4.825,5.445486589764657,-1.0061089210986514,0.8081550914733855,5.633155091473386,5.02578613280815,2.182671184704463,5.445486589764657,2.3649447772129473,0.6054997679099846,0.6054997679099846,152.28992917672213
102,5.0,TTCTAGATTCCCCCGGAAACCAATAAAAGAAGGCCATCGTCATGTCCAGATTAGATAAAAGTAAAGTTGCGAGCTCTGAAGACG,7,99171.01,60261.12,6,-5.1,-4.175,-4.175,11.50460101265992,-7.152943751403382,0.8081550914733855,-3.3668449085266143,8.626012214164334,3.746229505441621,11.50460101265992,4.996384736296766,4.152925784348103,4.152925784348103,5574.8027479254015
103,5.0,TTCTAGATGGAGAAGCCATTAATATTAAGGAAGGTAACAATGGCGAGCTCTGAAGACGTTATCAAAGAGTTCATGCGTTTCAAA,5,129.08,39.93,6,-0.68,-2.275,-2.275,4.860432367183761,7.55643478705775,0.0,-2.275,8.189246823445059,3.5565447063659223,4.860432367183761,2.110858956731867,-4.8024641080876656,4.8024641080876656,3602.0082763578926
104,5.0,TTCTAGATGGAGAAGCCATTAATATTAAGGAAGGTAACAATGTCCAGATTAGATAAAAGTAAAGTTGCGAGCTCTGAAGACGTT,5,74088.14,13161.01,6,-11.38,-10.375,-10.375,11.213010744493067,-0.22401385805815188,0.0,-10.375,11.429450296665625,4.963747195029365,11.213010744493067,4.869748691855212,-0.3122562685715771,0.3122562685715771,91991.39294101091
105,5.0,TTCTAGACCCACGTACCGATTAAAGGAGGCCTAGTAATGGCGAGCTCTGAAGACGTTATCAAAGAGTTCATGCGTTTCAAAGTT,6,3313.72,386.05,6,-1.19,-3.675,-3.675,8.105826704374778,0.843458442050979,0.33985678432687566,-3.335143215673124,8.613330740671636,3.7407220114813398,8.105826704374778,3.520315808973987,-0.7321735563966094,0.7321735563966094,5504.552414985754
106,5.0,TTCTAGACCCACGTACCGATTAAAGGAGGCCTAGTAATGTCCAGATTAGATAAAAGTAAAGTTGCGAGCTCTGAAGACGTTATC,6,62781.45,5412.58,6,-8.29,-9.475,-9.475,11.04741492665678,-0.7100503105341662,0.33985678432687566,-9.135143215673123,10.933476437545622,4.748348484845287,11.04741492665678,4.797831341942657,0.16437849320704864,0.16437849320704864,56020.694021038886
107,5.0,TTCTAGAATAACCAGGGTAATAAGGAAGTACACAGACCATGGCGAGCTCTGAAGACGTTATCAAAGAGTTCATGCGTTTCAAAG,9,632.64,139.42,6,3.45,0.225,0.225,6.449901539982252,1.0830113875478713,2.130076274225307,2.3550762742253073,6.3371000055412345,2.7521675636756244,6.449901539982252,2.801156647633578,0.162738214342722,0.162738214342722,565.1549862864717
108,5.0,TTCTAGAATAACCAGGGTAATAAGGAAGTACACAGACCATGTCCAGATTAGATAAAAGTAAAGTTGCGAGCTCTGAAGACGTTA,9,83090.26,37992.75,6,-6.85,-8.675,-8.675,11.327682765791211,-2.2106759088187324,2.130076274225307,-6.5449237257746935,9.89732357488235,4.29835301418237,11.327682765791211,4.919550117933689,2.0635721114141643,2.0635721114141643,19877.099613671136
109,5.0,TTCTAGAAAAACACCATATAAGTACAGAGAGGTAGAATATGGCGAGCTCTGAAGACGTTATCAAAGAGTTCATGCGTTTCAAAG,6,13687.71,3005.51,6,1.91,1.625,1.625,9.524253628906916,-8.00238618890076,0.33985678432687566,1.9648567843268756,6.493197603872995,2.819959889269458,9.524253628906916,4.136330795281295,4.372889495973052,4.372889495973052,660.6324302553203
110,5.0,TTCTAGAAAAACACCATATAAGTACAGAGAGGTAGAATATGTCCAGATTAGATAAAAGTAAAGTTGCGAGCTCTGAAGACGTTA,6,62243.38,33169.53,6,-8.09,-8.375,-8.375,11.038807463290357,-1.7885330034131037,0.33985678432687566,-8.035143215673124,10.493448805379867,4.557246912310745,11.038807463290357,4.794093168099435,0.7867862312733257,0.7867862312733257,36078.37034662032
111,5.0,TTCTAGAACTGTCCATAGATTTGAAAAGACCTTATCCCATGGCGAGCTCTGAAGACGTTATCAAAGAGTTCATGCGTTTCAAAG,5,43.26,22.46,6,7.82,5.725,5.725,3.7672284205249125,2.28927303043368,0.0,5.725,4.989045862239562,2.166715087932893,3.7672284205249125,1.6360865151030723,-1.7627099640333657,1.7627099640333657,146.7962927682941
112,5.0,TTCTAGAACTGTCCATAGATTTGAAAAGACCTTATCCCATGGCTGAAGCGCAAAACGATCCCCTGGCGAGCTCTGAAGACGTTA,5,819.84,245.37,6,2.32,2.825,2.825,6.7091091992683145,-2.16496706737621,0.0,2.825,6.149118710676555,2.670528324614866,6.7091091992683145,2.9137291037285733,0.8078955008363197,0.8078955008363197,468.30449311984404
113,5.0,TTCTAGAAACCACACTCCGTTTTTAGTAGGAGACCAAAAATGGCGAGCTCTGAAGACGTTATCAAAGAGTTCATGCGTTTCAAA,5,1486.26,202.8,6,3.92,3.425,3.425,7.304018176325502,-4.2521461146147645,0.0,3.425,5.909103638586142,2.5662911032323885,7.304018176325502,3.172094789699218,2.012436286060495,2.012436286060495,368.37580951537086
114,5.0,TTCTAGAAACCACACTCCGTTTTTAGTAGGAGACCAAAAATGGCTGAAGCGCAAAACGATCCCCTGGCGAGCTCTGAAGACGTT,5,9799.17,2382.64,6,-1.18,-0.275,-0.275,9.190052967194383,-5.266937001143147,0.0,-0.275,7.3891965831436845,3.209087301757665,9.190052967194383,3.9911892920511263,2.598086574623173,2.598086574623173,1618.4053363431747
115,5.0,TTCTAGAAATTATAAACTTTCGGAACAAACGGAGTCATCAAATGGCGAGCTCTGAAGACGTTATCAAAGAGTTCATGCGTTTCA,5,1002.76,101.4,6,1.92,1.825,1.825,6.910511477175854,-1.6684411437833924,0.0,1.825,6.549143830827242,2.8442570269189944,6.910511477175854,3.001197001666563,0.5213433113248599,0.5213433113248599,698.645758718867
116,5.0,TTCTAGAAATTATAAACTTTCGGAACAAACGGAGTCATCAAATGGCTGAAGCGCAAAACGATCCCCTGGCGAGCTCTGAAGACG,5,4463.6,375.04,6,-3.38,-2.275,-2.275,8.403710894311546,-1.301205267629446,0.0,-2.275,8.189246823445059,3.5565447063659223,8.403710894311546,3.6496852689097454,0.3094062514879405,0.3094062514879405,3602.0082763578926
117,5.0,TTCTAGAACGATCTGCACAACTCAAAATAAGGTAGGCGGCATGGCGAGCTCTGAAGACGTTATCAAAGAGTTCATGCGTTTCAA,4,1211.81,199.15,6,1.33,-0.875,-0.875,7.099870388663669,0.5581913051576017,0.0038324483233102,-0.8711675516766898,7.627678579633094,3.312658716866286,7.099870388663669,3.0834345320249272,-0.7614662596521637,0.7614662596521637,2054.275642996724
118,5.0,TTCTAGAACGATCTGCACAACTCAAAATAAGGTAGGCGGCATGGCTGAAGCGCAAAACGATCCCCTGGCGAGCTCTGAAGACGT,4,8211.15,2245.01,6,-3.57,-4.275,-4.275,9.013248265718763,-0.8249530042156081,0.0038324483233102,-4.27116755167669,8.98776398814543,3.9033363047003236,9.013248265718763,3.914403985825713,0.03676604087568638,0.03676604087568638,8004.538626826766
119,5.0,TTCTAGATTTATACATCCGACTTTAAGGAGGCGACCTCATGGCGAGCTCTGAAGACGTTATCAAAGAGTTCATGCGTTTCAAAG,6,6600.75,1358.59,6,-4.59,-5.075,-5.075,8.79493855792203,0.5207869925988335,0.33985678432687566,-4.735143215673125,9.173365908882598,3.9839421947071205,8.79493855792203,3.819593284383681,-0.5459552625675581,0.5459552625675581,9637.00744970562
120,5.0,TTCTAGATTTATACATCCGACTTTAAGGAGGCGACCTCATGGCTGAAGCGCAAAACGATCCCCTGGCGAGCTCTGAAGACGTTA,6,22522.86,1937.76,6,-7.49,-8.475,-8.475,10.022286072413836,0.8526108889844632,0.33985678432687566,-8.135143215673123,10.533451317394935,4.574619782541158,10.022286072413836,4.352623537305143,-0.7374555640090231,0.7374555640090231,37550.8509002504
121,6.0,TTCTAGA AAAGTAAGGAGGCGATGGC GAGCTCTGAAGACGTTATCAAAGAGTTCATGCGTTTCAAAGTTCGTATGGA,1,2.85,4.84,6,6.58,-5.775,-5.775,1.0473189942805592,20.588619594518903,17.184711234950647,11.409711234950647,2.715018567456468,1.1791175821112156,1.0473189942805592,0.45484486000851015,-2.405981903913525,2.405981903913525,15.104890528689056
122,6.0,TTCTAGA AAAGTAAGGAGGCGCATGGC GAGCTCTGAAGACGTTATCAAAGAGTTCATGCGTTTCAAAGTTCGTATGGA,2,7.21,1.39,6,4.25,-5.875,-5.875,1.9754689512968577,18.36839041324481,16.44988196460573,10.57488196460573,3.0489712466315044,1.324151387893741,1.9754689512968577,0.8579352647194289,-1.5487364378622142,1.5487364378622142,21.09363311054647
123,6.0,TTCTAGA AAAGTAAGGAGGCGCGATGGC GAGCTCTGAAGACGTTATCAAAGAGTTCATGCGTTTCAAAGTTCGTATGGA,3,569.76,95.81,6,-3.55,-5.575,-5.575,6.345215219529468,7.144710753861041,5.259021114544366,-0.31597888545563446,7.405589166721716,3.216206510349742,6.345215219529468,2.7556919563301783,-1.5297962351021124,1.5297962351021124,1645.1538204853582
124,6.0,TTCTAGA AAAGTAAGGAGGCGCGGCATGGC GAGCTCTGAAGACGTTATCAAAGAGTTCATGCGTTTCAAAGTTCGTATGGA,5,1306.95,174.96,6,-4.88,-5.675,-5.675,7.175451457345406,5.169250499007064,0.0,-5.675,9.549332231957395,4.14722229419996,7.175451457345406,3.116258973089756,-3.424786021194368,3.424786021194368,14035.319203900262
125,6.0,TTCTAGA AAAGTAAGGAGGCGCGGCTAATGGC GAGCTCTGAAGACGTTATCAAAGAGTTCATGCGTTTCAAAGTTCGTATGGA,7,1632.96,185.56,6,-4.4,-5.775,-5.775,7.398149597875607,4.712540109303758,0.8081550914733855,-4.966844908526615,9.266052406405434,4.024195429128228,7.398149597875607,3.212975546652137,-2.6948141187285484,2.6948141187285484,10572.931758619876
126,6.0,TTCTAGA AAAGTAAGGAGGCGCGGCTAAATGGC GAGCTCTGAAGACGTTATCAAAGAGTTCATGCGTTTCAAAGTTCGTATGGA,8,1844.38,1091.03,6,-3.22,-5.775,-5.775,7.5198984566389715,4.408187075880501,1.4048949214395292,-4.370105078560471,9.027341484224525,3.9205245928550223,7.5198984566389715,3.265850404191085,-2.174780580320323,2.174780580320323,8327.69081982607
127,6.0,TTCTAGA AAAGTAAGGAGGCGCGGCTAAATCTATGGC GAGCTCTGAAGACGTTATCAAAGAGTTCATGCGTTTCAAAGTTCGTATGGA,12,1015.14,123.96,6,0.66,-4.575,-4.575,6.9227818129987595,4.70088494299265,5.0762694695004456,0.5012694695004454,7.078669295337459,3.0742270141830383,6.9227818129987595,3.0065259408055502,-0.22489809770670768,0.22489809770670768,1186.3887346085826
128,6.0,TTCTAGA AAAGTAAGGAGGCGCGGCTAAATCTTCATGGC GAGCTCTGAAGACGTTATCAAAGAGTTCATGCGTTTCAAAGTTCGTATGGA,14,80.35,20.06,6,2.47,-4.675,-4.675,4.386392092183521,11.141461054462336,7.682605880448708,3.0076058804487085,6.076071771409838,2.6388044419714087,4.386392092183521,1.904985881099363,-2.437692493910662,2.437692493910662,435.31581162445536
129,6.0,TTCTAGA AAAGTAAGGAGGCGCGGCTAAATCTTCTATGGC GAGCTCTGAAGACGTTATCAAAGAGTTCATGCGTTTCAAAGTTCGTATGGA,15,48.27,7.68,6,3.62,-4.975,-4.975,3.8768102496724017,12.715335660934958,9.17843637015229,4.203436370152291,5.597709536086308,2.431054362819495,3.8768102496724017,1.6836772988186919,-2.4827328663786985,2.4827328663786985,269.80771431623816
130,6.0,TTCTAGA AAAGTAAGGAGGCGCGGCTAAATCTTCTTATGGC GAGCTCTGAAGACGTTATCAAAGAGTTCATGCGTTTCAAAGTTCGTATGGA,16,50.67,6.72,6,5.27,-2.575,-2.575,3.9253340194878183,10.194033854195578,10.802708382675506,8.227708382675505,3.987899640757661,1.7319228083650122,3.9253340194878183,1.704750904290671,-0.09026311153613874,0.09026311153613874,53.941473825239996
131,6.0,TTCTAGA AAAGTAAGGAGGCGCGGCTAAATCTTCTTATC ATGGC GAGCTCTGAAGACGTTATCAAAGAGTTCATGCGTTTCAAAGTTCGTATGGA,19,22.6,4.07,6,9.19,-2.575,-2.575,3.1179499062782403,12.212367385113438,16.44617355716296,13.871173557162962,1.7303718062670974,0.751490927102763,3.1179499062782403,1.3541084391474008,2.001852043732206,2.001852043732206,5.642751528832044
